schema,schema_version,id,entity_type,source_local_id,parent_id,order,path,resource_id,edition_id,source_locator,source_sha256,target_sha256,language,locale,translation_state,rights_component_id,status,timestamp,workflow,supersedes
o011-modular-backend,1,o011-adv-0001,correction,authority,,,,,,,,,,,,,active,2026-08-21T17:24:54Z,o011-export-backend-v1,
o011-modular-backend,1,o011-adv-0002,correction,pdf,,,,,,,,,,,,,active,2026-08-21T17:24:54Z,o011-export-backend-v1,
o011-modular-backend,1,o011-adv-0003,correction,latex,,,,,,,,,,,,,active,2026-08-21T17:24:54Z,o011-export-backend-v1,
o011-modular-backend,1,o011-adv-0004,correction,layout,,,,,,,,,,,,,active,2026-08-21T17:24:54Z,o011-export-backend-v1,
o011-modular-backend,1,o011-adv-0005,correction,rights,,,,,,,,,,,,,active,2026-08-21T17:24:54Z,o011-export-backend-v1,
o011-modular-backend,1,o011-adv-0006,correction,coverage,,,,,,,,,,,,,active,2026-08-21T17:24:54Z,o011-export-backend-v1,
o011-modular-backend,1,o011-adv-0009,correction,lecture01:vector-field-proof,,,,,,,,,,,,,active,2026-08-21T17:24:54Z,o011-export-backend-v1,
o011-modular-backend,1,o011-adv-0010,correction,lecture01:vector-field-proof,,,,,,,,,,,,,active,2026-08-21T17:24:54Z,o011-export-backend-v1,
o011-modular-backend,1,o011-adv-0011,correction,unit01:pdf-accessibility,,,,,,,,,,,,,active,2026-08-21T17:24:54Z,o011-export-backend-v1,
o011-modular-backend,1,o011-artifact-through-unit02-pdf,artifact,,o011-brenner-u02,,output/pdf/geometri-diferensial-manifold-mulus-hingga-unit-02-id.pdf,,,,,6312b4df706d0f08eeb9f37da0abda3428b5448dce54781d0f52eb9c8db5c385,Indonesian,id-ID,visually_checked,,active,2026-08-22T04:29:34Z,o011-export-backend-v2,
o011-modular-backend,1,o011-artifact-u02-l02-tex,artifact,,o011-brenner-u02-l02,,source/units/unit-02/lecture02.id.tex,,,,f488d809e7d9490c40099d90c2abed2cc8bea39f11923a8d525e6302f3be470a,3dec5f7c1ec47b2ea965481f78db8334ab4046b001c53dd58bde0b9d0bb4cc49,Indonesian,id-ID,structurally_verified,o011-rights-brenner-text,active,2026-08-22T04:29:34Z,o011-export-backend-v2,
o011-modular-backend,1,o011-artifact-u02-w02-e001-solution-tex,artifact,,o011-brenner-u02-w02-e001-solution,,source/units/unit-02/worksheet02_exercise01_solution.id.tex,,,,6dcc38f066a8350fdba67145857c168e1b6ca532c07af0a8f34ee2b954ad9432,bf0788c3f5cc77324bca5dfc1a899b5410fa5a8312da7594b85993c9245a45fe,Indonesian,id-ID,structurally_verified,o011-rights-brenner-text,active,2026-08-22T04:29:34Z,o011-export-backend-v2,
o011-modular-backend,1,o011-artifact-u02-w02-e002-solution-tex,artifact,,o011-brenner-u02-w02-e002-solution,,source/units/unit-02/worksheet02_exercise02_solution.id.tex,,,,a92e556f50d2216192fc61703eea4bae3d233ab632c8eedb19bd35dec2ed89b0,66ac0a6b86de21eee86a898fe7122644c932c4dff44bbc51845967a86b73e2fc,Indonesian,id-ID,structurally_verified,o011-rights-brenner-text,active,2026-08-22T04:29:34Z,o011-export-backend-v2,
o011-modular-backend,1,o011-artifact-u02-w02-e007-solution-tex,artifact,,o011-brenner-u02-w02-e007-solution,,source/units/unit-02/worksheet02_exercise07_solution.id.tex,,,,90d9007e6a313dcbc4614045f0831b826f7a9af82897e17a36fbce08088ef92b,405e59e8569d9ba8d8dd35ebe6b2ce693cb931d8ed42824d790baeba31fdd8d3,Indonesian,id-ID,structurally_verified,o011-rights-brenner-text,active,2026-08-22T04:29:34Z,o011-export-backend-v2,
o011-modular-backend,1,o011-artifact-u02-w02-e012-solution-tex,artifact,,o011-brenner-u02-w02-e012-solution,,source/units/unit-02/worksheet02_exercise12_solution.id.tex,,,,3191adb6fbfaf1be11c0e7a061468a4fd6fe9235cd0dea40771ec97bd10f970f,1c04a8fd29888aa47633cffceb25104c6533e6c2b9e512ad663fd3742c581832,Indonesian,id-ID,structurally_verified,o011-rights-brenner-text,active,2026-08-22T04:29:34Z,o011-export-backend-v2,
o011-modular-backend,1,o011-artifact-u02-w02-e013-solution-tex,artifact,,o011-brenner-u02-w02-e013-solution,,source/units/unit-02/worksheet02_exercise13_solution.id.tex,,,,6896eb6a4a6f4c25bcfaab674847dcd78bc079cfd6c58b3b8542c5c220d85e7b,a4a230b45de82885027722450d3a7f12fc63fe06187abab481788f7b37352ac0,Indonesian,id-ID,structurally_verified,o011-rights-brenner-text,active,2026-08-22T04:29:34Z,o011-export-backend-v2,
o011-modular-backend,1,o011-artifact-u02-w02-tex,artifact,,o011-brenner-u02-w02,,source/units/unit-02/worksheet02.id.tex,,,,c645aacb16233d832b492315379b0251c33fa52db6b2e7ac24be4ecc9600d3ad,677d9b244a2c30561f497e602e29081ca12f668d5a5ec3d116900c49a5bd5954,Indonesian,id-ID,structurally_verified,o011-rights-brenner-text,active,2026-08-22T04:29:34Z,o011-export-backend-v2,
o011-modular-backend,1,o011-artifact-unit01-pdf,artifact,,o011-brenner-u01,,output/pdf/geometri-diferensial-manifold-mulus-unit-01-id.pdf,,,,,eb7e78affacf8a559d0f52a1c44921633d2fa74a070faa64af58efc32d34a568,Indonesian,id-ID,visually_checked,,active,2026-08-21T17:24:54Z,o011-export-backend-v1,
o011-modular-backend,1,o011-asset-file-2019-07-helix-jpg,asset,File:2019-07-Helix.jpg,o011-brenner-u01,1,authority/media/2019-07-Helix.jpg,,,https://commons.wikimedia.org/wiki/File:2019-07-Helix.jpg,34d8c05038bdcbd34992bba1b1ab8d852a8c1d51975469d14f7640a829430f9e,,,,,o011-rights-media-01,active,2026-08-21T17:24:54Z,o011-export-backend-v1,
o011-modular-backend,1,o011-asset-file-3d-function-6-svg,asset,File:3d-function-6.svg,o011-brenner-u01,2,authority/media/3d-function-6.svg,,,https://commons.wikimedia.org/wiki/File:3d-function-6.svg,16abe6c062235dc6cbdc9358aa4694da94e8f4a993d76f7137e26e4c95a7131b,,,,,o011-rights-media-02,active,2026-08-21T17:24:54Z,o011-export-backend-v1,
o011-modular-backend,1,o011-asset-file-great-circle-passing-through-two-points-svg,asset,File:Great circle passing through two points.svg,o011-brenner-u01,3,authority/media/Great circle passing through two points.svg,,,https://commons.wikimedia.org/wiki/File:Great_circle_passing_through_two_points.svg,11cc0326e2bf51f226b1033af7a37f024216707a4c3b69854fadb9905c3409c7,,,,,o011-rights-media-03,active,2026-08-21T17:24:54Z,o011-export-backend-v1,
o011-modular-backend,1,o011-asset-file-hyperboloid1-png,asset,File:Hyperboloid1.png,o011-brenner-u02,2,authority/media/Hyperboloid1.png,,,https://commons.wikimedia.org/wiki/File:Hyperboloid1.png,4c813998156ef1961fa557d3a7c356d737c47291d36159baa955f170e500979b,,,,,o011-rights-media-u02-02,active,2026-08-22T04:29:34Z,o011-export-backend-v2,
o011-modular-backend,1,o011-asset-file-integral-apl-rot-obsah1-svg,asset,File:Integral apl rot obsah1.svg,o011-brenner-u02,1,authority/media/Integral apl rot obsah1.svg,,,https://commons.wikimedia.org/wiki/File:Integral_apl_rot_obsah1.svg,3dc950fd001c3a2e3ef095dcceac915f4701e990ecf513cf314eaef8a8f86dd1,,,,,o011-rights-media-u02-01,active,2026-08-22T04:29:34Z,o011-export-backend-v2,
o011-modular-backend,1,o011-asset-file-planned-flight-map-of-the-oiseau-blanc-svg,asset,File:Planned flight map of the Oiseau Blanc.svg,o011-brenner-u01,4,authority/media/Planned flight map of the Oiseau Blanc.svg,,,https://commons.wikimedia.org/wiki/File:Planned_flight_map_of_the_Oiseau_Blanc.svg,45d3109037287e3111bc60543f43163e2264e8e4d52806b83cfd96279522b1b9,,,,,o011-rights-media-04,active,2026-08-21T17:24:54Z,o011-export-backend-v1,
o011-modular-backend,1,o011-brenner-u01,unit,Vorlesung 1 + Arbeitsblatt 1,o011-course-d50,1,source/units/unit-01,o011-resource-brenner-dg2023,o011-edition-brenner-current-20260821,,,,Indonesian,id-ID,visually_checked,o011-rights-brenner-text,active,2026-08-21T17:24:54Z,o011-export-backend-v1,
o011-modular-backend,1,o011-brenner-u01-l01,unit,pageid:142545/revid:894388,o011-brenner-u01,1,source/units/unit-01/lecture01.id.tex,o011-resource-brenner-dg2023,o011-edition-brenner-current-20260821,Kurs:Differentialgeometrie (Osnabrück 2023)/Vorlesung 1,1ebed6aa9a38214811e7b96baab8ce6adf9215dc99e4844e9fb36be2cf7766fd,428546cce566f1a93e237699f584ff6687275f555d295d584bc394d12e96cffa,Indonesian,id-ID,visually_checked,o011-rights-brenner-text,active,2026-08-21T17:24:54Z,o011-export-backend-v1,
o011-modular-backend,1,o011-brenner-u01-l01-s01,segment,lecture01:section:1,o011-brenner-u01-l01,1,source/units/unit-01/lecture01.id.tex#section-1,o011-resource-brenner-dg2023,o011-edition-brenner-current-20260821,Kurs:Differentialgeometrie (Osnabrück 2023)/Vorlesung 1#section-1,06e61089fe1efa8cf918be60c18f01afc882665ac1d01d23ea994c0c2242233e,ef4dd503aa9c5d0fa96f06106b6f39d951d4d9312ff4c295b7942e50955e9446,Indonesian,id-ID,visually_checked,o011-rights-brenner-text,active,2026-08-21T17:24:54Z,o011-export-backend-v1,
o011-modular-backend,1,o011-brenner-u01-l01-s02,segment,lecture01:section:2,o011-brenner-u01-l01,2,source/units/unit-01/lecture01.id.tex#section-2,o011-resource-brenner-dg2023,o011-edition-brenner-current-20260821,Kurs:Differentialgeometrie (Osnabrück 2023)/Vorlesung 1#section-2,5c6abc0afaeb8c5143eb0bce56a6ec30185e27d2a73c0103a3a8cd942bb68d9d,4d734f8406113a5e92b0d38db383bbc73d0c78397fabc0f752bbb966946d034d,Indonesian,id-ID,visually_checked,o011-rights-brenner-text,active,2026-08-21T17:24:54Z,o011-export-backend-v1,
o011-modular-backend,1,o011-brenner-u01-l01-s03,segment,lecture01:section:3,o011-brenner-u01-l01,3,source/units/unit-01/lecture01.id.tex#section-3,o011-resource-brenner-dg2023,o011-edition-brenner-current-20260821,Kurs:Differentialgeometrie (Osnabrück 2023)/Vorlesung 1#section-3,014949b15400ab910069bfabaf7a0ec7e73346c2afe57889d27a393daf7ec5a6,e6115e0ae2bc104fc5ed5c658f385374f3c95806c2517dffc3befc489976ca8f,Indonesian,id-ID,visually_checked,o011-rights-brenner-text,active,2026-08-21T17:24:54Z,o011-export-backend-v1,
o011-modular-backend,1,o011-brenner-u01-l01-s04,segment,lecture01:section:4,o011-brenner-u01-l01,4,source/units/unit-01/lecture01.id.tex#section-4,o011-resource-brenner-dg2023,o011-edition-brenner-current-20260821,Kurs:Differentialgeometrie (Osnabrück 2023)/Vorlesung 1#section-4,d6b20f4b768886f3a2f7bd584156148bc20cfc4199c39fe351bee17213c547e1,b2dad4a427d1f80a164bb0b999dd601660b623b6263b8578e9d03aa227746cde,Indonesian,id-ID,visually_checked,o011-rights-brenner-text,active,2026-08-21T17:24:54Z,o011-export-backend-v1,
o011-modular-backend,1,o011-brenner-u01-w01,unit,pageid:142635/revid:894294,o011-brenner-u01,2,source/units/unit-01/worksheet01.id.tex,o011-resource-brenner-dg2023,o011-edition-brenner-current-20260821,Kurs:Differentialgeometrie (Osnabrück 2023)/Arbeitsblatt 1,898fa5416a3fa28cb54901116ae21e70cbb2461b9cb20a86525319a29baa4d9c,a4ec57c7c380c8a8f607019b660279a7f5ffd1cf5ee0e432154608ca1628965c,Indonesian,id-ID,visually_checked,o011-rights-brenner-text,active,2026-08-21T17:24:54Z,o011-export-backend-v1,
o011-modular-backend,1,o011-brenner-u01-w01-e001,unit,worksheet01:exercise:1,o011-brenner-u01-w01,1,source/units/unit-01/worksheet01.id.tex#exercise-1,o011-resource-brenner-dg2023,o011-edition-brenner-current-20260821,Kurs:Differentialgeometrie (Osnabrück 2023)/Arbeitsblatt 1#exercise-1,6bdef5ece2179c3b7415d20439dd83ebcc33577444abfb3871813fe8cbd35a75,409e876857617c450941957bc65ee0e3cb8ad9f48df8dace681432f4467507d2,Indonesian,id-ID,visually_checked,o011-rights-brenner-text,active,2026-08-21T17:24:54Z,o011-export-backend-v1,
o011-modular-backend,1,o011-brenner-u01-w01-e001-solution,unit,pageid:131353/revid:1111802,o011-brenner-u01-w01-e001,1,source/units/unit-01/worksheet01_exercise01_solution.id.tex,o011-resource-brenner-dg2023,o011-edition-brenner-current-20260821,Tangentialraum/R/Faser/Kurvenrealisierung/Aufgabe/Lösung,620804c6a0464a748f9e6923c779d55a4fd5108cfd1236e6d3ac383a3eaff407,36f9b17c995afa4967c05fb119b15c18348dde5669a72140487c4d9ff33e12d5,Indonesian,id-ID,visually_checked,o011-rights-brenner-text,active,2026-08-21T17:24:54Z,o011-export-backend-v1,
o011-modular-backend,1,o011-brenner-u01-w01-e002,unit,worksheet01:exercise:2,o011-brenner-u01-w01,2,source/units/unit-01/worksheet01.id.tex#exercise-2,o011-resource-brenner-dg2023,o011-edition-brenner-current-20260821,Kurs:Differentialgeometrie (Osnabrück 2023)/Arbeitsblatt 1#exercise-2,aec55b294ed7a83dbc378d285d9912a8e5769570fd66818c537b2cf03906565c,df3165a219a0c2efa053eec0a40709f8a952c6a01defb715547ce4a29b856251,Indonesian,id-ID,visually_checked,o011-rights-brenner-text,active,2026-08-21T17:24:54Z,o011-export-backend-v1,
o011-modular-backend,1,o011-brenner-u01-w01-e003,unit,worksheet01:exercise:3,o011-brenner-u01-w01,3,source/units/unit-01/worksheet01.id.tex#exercise-3,o011-resource-brenner-dg2023,o011-edition-brenner-current-20260821,Kurs:Differentialgeometrie (Osnabrück 2023)/Arbeitsblatt 1#exercise-3,a9a01ea16a15271ddb8c544258cbd8ea8d208e6b7a246d13142cfe58733ac3c1,f1382f3b668242d3081465335afc22a4d8fefb2daee75f3364c6592e6f60f718,Indonesian,id-ID,visually_checked,o011-rights-brenner-text,active,2026-08-21T17:24:54Z,o011-export-backend-v1,
o011-modular-backend,1,o011-brenner-u01-w01-e004,unit,worksheet01:exercise:4,o011-brenner-u01-w01,4,source/units/unit-01/worksheet01.id.tex#exercise-4,o011-resource-brenner-dg2023,o011-edition-brenner-current-20260821,Kurs:Differentialgeometrie (Osnabrück 2023)/Arbeitsblatt 1#exercise-4,78d4ef160c75f788454c71250adb685a5f6c31168d3cf3ba2e7c6e9fb086c22a,205f7314aa6aa2055422796548c410f0ac4b5d0bfab0c49b6a2e35f0eccb4399,Indonesian,id-ID,visually_checked,o011-rights-brenner-text,active,2026-08-21T17:24:54Z,o011-export-backend-v1,
o011-modular-backend,1,o011-brenner-u01-w01-e005,unit,worksheet01:exercise:5,o011-brenner-u01-w01,5,source/units/unit-01/worksheet01.id.tex#exercise-5,o011-resource-brenner-dg2023,o011-edition-brenner-current-20260821,Kurs:Differentialgeometrie (Osnabrück 2023)/Arbeitsblatt 1#exercise-5,ab884fad5d276e88a2c0270e0a7d0daa66ac436ea4263e4d9a6bc712b2c619ce,811754ba437b53d549e3227ddb9d5dc6e4b0367fec51af57e1e216bf96acf02f,Indonesian,id-ID,visually_checked,o011-rights-brenner-text,active,2026-08-21T17:24:54Z,o011-export-backend-v1,
o011-modular-backend,1,o011-brenner-u01-w01-e006,unit,worksheet01:exercise:6,o011-brenner-u01-w01,6,source/units/unit-01/worksheet01.id.tex#exercise-6,o011-resource-brenner-dg2023,o011-edition-brenner-current-20260821,Kurs:Differentialgeometrie (Osnabrück 2023)/Arbeitsblatt 1#exercise-6,c6150342161f17f0f6709b880daa6fb94c58d6149dcfd8e7137f2e15cbc10683,62eb9c38e0679d2a831399aa2ab990113ef44ebab21c4a68f93c27621e28222d,Indonesian,id-ID,visually_checked,o011-rights-brenner-text,active,2026-08-21T17:24:54Z,o011-export-backend-v1,
o011-modular-backend,1,o011-brenner-u01-w01-e007,unit,worksheet01:exercise:7,o011-brenner-u01-w01,7,source/units/unit-01/worksheet01.id.tex#exercise-7,o011-resource-brenner-dg2023,o011-edition-brenner-current-20260821,Kurs:Differentialgeometrie (Osnabrück 2023)/Arbeitsblatt 1#exercise-7,a4839672aca8145edc19d67cb82afd06418926b03c15c00117c2e101e9417088,98a0d9d42dcea0250758142a86eae5225896069617ac26e4828afb95cb1ded37,Indonesian,id-ID,visually_checked,o011-rights-brenner-text,active,2026-08-21T17:24:54Z,o011-export-backend-v1,
o011-modular-backend,1,o011-brenner-u01-w01-e008,unit,worksheet01:exercise:8,o011-brenner-u01-w01,8,source/units/unit-01/worksheet01.id.tex#exercise-8,o011-resource-brenner-dg2023,o011-edition-brenner-current-20260821,Kurs:Differentialgeometrie (Osnabrück 2023)/Arbeitsblatt 1#exercise-8,ed5594876e27eb456718fb36e9b591ac46260e7365eb9b91d9b33f1b856959c3,77218bcbbf43f574f4262b4be21663da63f1fdedc05ebda64a06e37f76f51240,Indonesian,id-ID,visually_checked,o011-rights-brenner-text,active,2026-08-21T17:24:54Z,o011-export-backend-v1,
o011-modular-backend,1,o011-brenner-u01-w01-e009,unit,worksheet01:exercise:9,o011-brenner-u01-w01,9,source/units/unit-01/worksheet01.id.tex#exercise-9,o011-resource-brenner-dg2023,o011-edition-brenner-current-20260821,Kurs:Differentialgeometrie (Osnabrück 2023)/Arbeitsblatt 1#exercise-9,e41210d976702c72385d5ece83707cc8219f863404322e5d4030c97a3db138fe,1f78cc7a0e53dfd9492bf44f35a845b0032e7c85f59dcf1432b71b03b8432848,Indonesian,id-ID,visually_checked,o011-rights-brenner-text,active,2026-08-21T17:24:54Z,o011-export-backend-v1,
o011-modular-backend,1,o011-brenner-u01-w01-e010,unit,worksheet01:exercise:10,o011-brenner-u01-w01,10,source/units/unit-01/worksheet01.id.tex#exercise-10,o011-resource-brenner-dg2023,o011-edition-brenner-current-20260821,Kurs:Differentialgeometrie (Osnabrück 2023)/Arbeitsblatt 1#exercise-10,a74c2b544e409270b54b58496322a79793ca9bdd23cd9e8fe13e20798d960f69,bc0a3685c105e7b11269712d52ba4dc74c80d88e89f639b3e3c0fb2f67eb6b02,Indonesian,id-ID,visually_checked,o011-rights-brenner-text,active,2026-08-21T17:24:54Z,o011-export-backend-v1,
o011-modular-backend,1,o011-brenner-u01-w01-e011,unit,worksheet01:exercise:11,o011-brenner-u01-w01,11,source/units/unit-01/worksheet01.id.tex#exercise-11,o011-resource-brenner-dg2023,o011-edition-brenner-current-20260821,Kurs:Differentialgeometrie (Osnabrück 2023)/Arbeitsblatt 1#exercise-11,516a1433a0e4cf63e803793a13d86d4567ff9c628d22bf2f5cb2984a929bd605,9a6ec3557929f2a58e43f7e9ab48076ed7acd62efcad09b5e4f2b04156d92a32,Indonesian,id-ID,visually_checked,o011-rights-brenner-text,active,2026-08-21T17:24:54Z,o011-export-backend-v1,
o011-modular-backend,1,o011-brenner-u01-w01-e012,unit,worksheet01:exercise:12,o011-brenner-u01-w01,12,source/units/unit-01/worksheet01.id.tex#exercise-12,o011-resource-brenner-dg2023,o011-edition-brenner-current-20260821,Kurs:Differentialgeometrie (Osnabrück 2023)/Arbeitsblatt 1#exercise-12,64eff0dc5533d5a5d2c80531b7479220ea1c55c5e374f7a2d182aadefe0ea748,38b162688710fb6b3e43d23bd5bc74ce01e0a57b8389c6e954983b1e3a1c040f,Indonesian,id-ID,visually_checked,o011-rights-brenner-text,active,2026-08-21T17:24:54Z,o011-export-backend-v1,
o011-modular-backend,1,o011-brenner-u01-w01-e013,unit,worksheet01:exercise:13,o011-brenner-u01-w01,13,source/units/unit-01/worksheet01.id.tex#exercise-13,o011-resource-brenner-dg2023,o011-edition-brenner-current-20260821,Kurs:Differentialgeometrie (Osnabrück 2023)/Arbeitsblatt 1#exercise-13,221a611a03965f7814ea5bcc81364f87767a8eac7ddc84f997d9e46528259906,013a5ab3bb8a64d662a60043208d466d72819136bd7e395c0db1b5815fe1eb86,Indonesian,id-ID,visually_checked,o011-rights-brenner-text,active,2026-08-21T17:24:54Z,o011-export-backend-v1,
o011-modular-backend,1,o011-brenner-u01-w01-e014,unit,worksheet01:exercise:14,o011-brenner-u01-w01,14,source/units/unit-01/worksheet01.id.tex#exercise-14,o011-resource-brenner-dg2023,o011-edition-brenner-current-20260821,Kurs:Differentialgeometrie (Osnabrück 2023)/Arbeitsblatt 1#exercise-14,3771771cc3c983f513e51f752f79df791505bd78ffbee1e92dda9b5395c5b887,6402873cceb04f90327fc5bc4af79bd2526eade013d56647d2f537c6a7264a60,Indonesian,id-ID,visually_checked,o011-rights-brenner-text,active,2026-08-21T17:24:54Z,o011-export-backend-v1,
o011-modular-backend,1,o011-brenner-u01-w01-e015,unit,worksheet01:exercise:15,o011-brenner-u01-w01,15,source/units/unit-01/worksheet01.id.tex#exercise-15,o011-resource-brenner-dg2023,o011-edition-brenner-current-20260821,Kurs:Differentialgeometrie (Osnabrück 2023)/Arbeitsblatt 1#exercise-15,d52f483fc892a325e744992fd1fbc0b57b26942b8206d809cedc5edc32f1fd4c,bc172ea8e553320890d6d2b5fd983922f049b925facfc2cee7a2545e09a54b67,Indonesian,id-ID,visually_checked,o011-rights-brenner-text,active,2026-08-21T17:24:54Z,o011-export-backend-v1,
o011-modular-backend,1,o011-brenner-u01-w01-e016,unit,worksheet01:exercise:16,o011-brenner-u01-w01,16,source/units/unit-01/worksheet01.id.tex#exercise-16,o011-resource-brenner-dg2023,o011-edition-brenner-current-20260821,Kurs:Differentialgeometrie (Osnabrück 2023)/Arbeitsblatt 1#exercise-16,29475fa47d9d13d7b9abf8f3214cd57b7e324b9b860b836f66a674260bf8dbae,4bd8b9761989ff201edc60f7efe776c0958e7bb517b59001680c6b5730640ed7,Indonesian,id-ID,visually_checked,o011-rights-brenner-text,active,2026-08-21T17:24:54Z,o011-export-backend-v1,
o011-modular-backend,1,o011-brenner-u01-w01-e017,unit,worksheet01:exercise:17,o011-brenner-u01-w01,17,source/units/unit-01/worksheet01.id.tex#exercise-17,o011-resource-brenner-dg2023,o011-edition-brenner-current-20260821,Kurs:Differentialgeometrie (Osnabrück 2023)/Arbeitsblatt 1#exercise-17,aed95ebb2d83d2e5213deeb8c0246bf4aff520b689e5ec800c9db2d7ed2749c9,8e968009563cdf5a818b7eea08db580f3c936d8778404617aa138991ab410b27,Indonesian,id-ID,visually_checked,o011-rights-brenner-text,active,2026-08-21T17:24:54Z,o011-export-backend-v1,
o011-modular-backend,1,o011-brenner-u01-w01-e018,unit,worksheet01:exercise:18,o011-brenner-u01-w01,18,source/units/unit-01/worksheet01.id.tex#exercise-18,o011-resource-brenner-dg2023,o011-edition-brenner-current-20260821,Kurs:Differentialgeometrie (Osnabrück 2023)/Arbeitsblatt 1#exercise-18,d936fdaff525b35fb3320b6825cde74970aec83a53190cf2f33b222d8140c5d1,4bcca37df975d2726b8117f6b9403de6fee5d34069040108766c6524b484013c,Indonesian,id-ID,visually_checked,o011-rights-brenner-text,active,2026-08-21T17:24:54Z,o011-export-backend-v1,
o011-modular-backend,1,o011-brenner-u01-w01-e019,unit,worksheet01:exercise:19,o011-brenner-u01-w01,19,source/units/unit-01/worksheet01.id.tex#exercise-19,o011-resource-brenner-dg2023,o011-edition-brenner-current-20260821,Kurs:Differentialgeometrie (Osnabrück 2023)/Arbeitsblatt 1#exercise-19,48c2ad502c8d0c0f9ca663262d71378357ae655fe9d83f049f9b2437edde68db,d64182b03264fce0821f6de059e9bceb0457494ff5c9d65cdf18bbd3acf48cc9,Indonesian,id-ID,visually_checked,o011-rights-brenner-text,active,2026-08-21T17:24:54Z,o011-export-backend-v1,
o011-modular-backend,1,o011-brenner-u02,unit,Vorlesung 2 + Arbeitsblatt 2,o011-course-d50,2,source/units/unit-02,o011-resource-brenner-dg2023,o011-edition-brenner-current-20260821,,,,Indonesian,id-ID,structurally_verified,o011-rights-brenner-text,active,2026-08-22T04:29:34Z,o011-export-backend-v2,
o011-modular-backend,1,o011-brenner-u02-l02,unit,pageid:142546/revid:893641,o011-brenner-u02,1,source/units/unit-02/lecture02.id.tex,o011-resource-brenner-dg2023,o011-edition-brenner-current-20260821,Kurs:Differentialgeometrie (Osnabrück 2023)/Vorlesung 2,f488d809e7d9490c40099d90c2abed2cc8bea39f11923a8d525e6302f3be470a,3dec5f7c1ec47b2ea965481f78db8334ab4046b001c53dd58bde0b9d0bb4cc49,Indonesian,id-ID,structurally_verified,o011-rights-brenner-text,active,2026-08-22T04:29:34Z,o011-export-backend-v2,
o011-modular-backend,1,o011-brenner-u02-l02-s01,segment,lecture02:section:1,o011-brenner-u02-l02,1,source/units/unit-02/lecture02.id.tex#section-1,o011-resource-brenner-dg2023,o011-edition-brenner-current-20260821,Kurs:Differentialgeometrie (Osnabrück 2023)/Vorlesung 2#section-1,813dc6865e5b366956e0eee294fa3fe2ef8bf1c8e2d519b1c27e9af6a6ed9820,03b0386f8e3bf8a0da826a87631916a5755ce7b5ff68b5c4833904776ff125a3,Indonesian,id-ID,structurally_verified,o011-rights-brenner-text,active,2026-08-22T04:29:34Z,o011-export-backend-v2,
o011-modular-backend,1,o011-brenner-u02-l02-s02,segment,lecture02:section:2,o011-brenner-u02-l02,2,source/units/unit-02/lecture02.id.tex#section-2,o011-resource-brenner-dg2023,o011-edition-brenner-current-20260821,Kurs:Differentialgeometrie (Osnabrück 2023)/Vorlesung 2#section-2,273bd3d1a46e71b10b9092c0eb49f269a6ac9952a2645ca11dd58f82a11ad953,7b8750b676cdfde27c7ad5affed77f068dc11265f8abacaa2caf8e2633995fc6,Indonesian,id-ID,structurally_verified,o011-rights-brenner-text,active,2026-08-22T04:29:34Z,o011-export-backend-v2,
o011-modular-backend,1,o011-brenner-u02-l02-s03,segment,lecture02:section:3,o011-brenner-u02-l02,3,source/units/unit-02/lecture02.id.tex#section-3,o011-resource-brenner-dg2023,o011-edition-brenner-current-20260821,Kurs:Differentialgeometrie (Osnabrück 2023)/Vorlesung 2#section-3,7b9aea9f88cacb3ef96e56ed9fdfb76816b9d64f139d560adb62a7a0551f0a7e,61b6b3531744669fef58b0f28a8000a134de5d478bde73e994670802f18de644,Indonesian,id-ID,structurally_verified,o011-rights-brenner-text,active,2026-08-22T04:29:34Z,o011-export-backend-v2,
o011-modular-backend,1,o011-brenner-u02-w02,unit,pageid:142636/revid:907117,o011-brenner-u02,2,source/units/unit-02/worksheet02.id.tex,o011-resource-brenner-dg2023,o011-edition-brenner-current-20260821,Kurs:Differentialgeometrie (Osnabrück 2023)/Arbeitsblatt 2,c645aacb16233d832b492315379b0251c33fa52db6b2e7ac24be4ecc9600d3ad,677d9b244a2c30561f497e602e29081ca12f668d5a5ec3d116900c49a5bd5954,Indonesian,id-ID,structurally_verified,o011-rights-brenner-text,active,2026-08-22T04:29:34Z,o011-export-backend-v2,
o011-modular-backend,1,o011-brenner-u02-w02-e001,unit,worksheet02:exercise:1,o011-brenner-u02-w02,1,source/units/unit-02/worksheet02.id.tex#exercise-1,o011-resource-brenner-dg2023,o011-edition-brenner-current-20260821,Kurs:Differentialgeometrie (Osnabrück 2023)/Arbeitsblatt 2#exercise-1,769baf8fcd31879c4b2c51d0cb3809e892bf4ff897a8fdc4c06b0f2bf78e5547,e907bd7fe54b21438a4089dab9ad9a3d14d440980b2a8550545c9ad6ed0bdf48,Indonesian,id-ID,structurally_verified,o011-rights-brenner-text,active,2026-08-22T04:29:34Z,o011-export-backend-v2,
o011-modular-backend,1,o011-brenner-u02-w02-e001-solution,unit,pageid:139491/revid:1090802,o011-brenner-u02-w02-e001,1,source/units/unit-02/worksheet02_exercise01_solution.id.tex,o011-resource-brenner-dg2023,o011-edition-brenner-current-20260821,Zwei differenzierbare Kurven/Skalarprodukt/Ableitung/Aufgabe/Lösung,6dcc38f066a8350fdba67145857c168e1b6ca532c07af0a8f34ee2b954ad9432,bf0788c3f5cc77324bca5dfc1a899b5410fa5a8312da7594b85993c9245a45fe,Indonesian,id-ID,structurally_verified,o011-rights-brenner-text,active,2026-08-22T04:29:34Z,o011-export-backend-v2,
o011-modular-backend,1,o011-brenner-u02-w02-e002,unit,worksheet02:exercise:2,o011-brenner-u02-w02,2,source/units/unit-02/worksheet02.id.tex#exercise-2,o011-resource-brenner-dg2023,o011-edition-brenner-current-20260821,Kurs:Differentialgeometrie (Osnabrück 2023)/Arbeitsblatt 2#exercise-2,e762608de1553e74d02e60370f89adf20344980d737464dc69d71e7ddad38dce,fd34188f78bc6b9eb9f1579905ec294b383be20ec97f5741d2a8b1f1dfc96373,Indonesian,id-ID,structurally_verified,o011-rights-brenner-text,active,2026-08-22T04:29:34Z,o011-export-backend-v2,
o011-modular-backend,1,o011-brenner-u02-w02-e002-solution,unit,pageid:120435/revid:1089268,o011-brenner-u02-w02-e002,1,source/units/unit-02/worksheet02_exercise02_solution.id.tex,o011-resource-brenner-dg2023,o011-edition-brenner-current-20260821,Differenzierbare Kurve/Geschwindigkeitsnorm/Ableitung/Charakterisierung/Aufgabe/Lösung,a92e556f50d2216192fc61703eea4bae3d233ab632c8eedb19bd35dec2ed89b0,66ac0a6b86de21eee86a898fe7122644c932c4dff44bbc51845967a86b73e2fc,Indonesian,id-ID,structurally_verified,o011-rights-brenner-text,active,2026-08-22T04:29:34Z,o011-export-backend-v2,
o011-modular-backend,1,o011-brenner-u02-w02-e003,unit,worksheet02:exercise:3,o011-brenner-u02-w02,3,source/units/unit-02/worksheet02.id.tex#exercise-3,o011-resource-brenner-dg2023,o011-edition-brenner-current-20260821,Kurs:Differentialgeometrie (Osnabrück 2023)/Arbeitsblatt 2#exercise-3,6eaf42ebb41929d518cd8f2d5f61c12ec5458e9a1327810f5da939972f584dd8,488a4e21179438aee068ae9270b53fbc185e28f715c9b8554f9d1d59007ec063,Indonesian,id-ID,structurally_verified,o011-rights-brenner-text,active,2026-08-22T04:29:34Z,o011-export-backend-v2,
o011-modular-backend,1,o011-brenner-u02-w02-e004,unit,worksheet02:exercise:4,o011-brenner-u02-w02,4,source/units/unit-02/worksheet02.id.tex#exercise-4,o011-resource-brenner-dg2023,o011-edition-brenner-current-20260821,Kurs:Differentialgeometrie (Osnabrück 2023)/Arbeitsblatt 2#exercise-4,fcd0b6f70d6a23135bad909647817c4c3f333733fda6c716f66e472174a98a60,db5621fdf6c5cdf0ca9cce871792e0c05bd95db37759a919b7ffeb2946725b71,Indonesian,id-ID,structurally_verified,o011-rights-brenner-text,active,2026-08-22T04:29:34Z,o011-export-backend-v2,
o011-modular-backend,1,o011-brenner-u02-w02-e005,unit,worksheet02:exercise:5,o011-brenner-u02-w02,5,source/units/unit-02/worksheet02.id.tex#exercise-5,o011-resource-brenner-dg2023,o011-edition-brenner-current-20260821,Kurs:Differentialgeometrie (Osnabrück 2023)/Arbeitsblatt 2#exercise-5,87ace36db44ffb6cba50d3e07d4a4231fa3ff9b00a69ad3858a33f58a9740fe1,4c525a6901d3f4e6e5f5d1abd30eb73c5cada9f44f654ad3943d730399e81c5f,Indonesian,id-ID,structurally_verified,o011-rights-brenner-text,active,2026-08-22T04:29:34Z,o011-export-backend-v2,
o011-modular-backend,1,o011-brenner-u02-w02-e006,unit,worksheet02:exercise:6,o011-brenner-u02-w02,6,source/units/unit-02/worksheet02.id.tex#exercise-6,o011-resource-brenner-dg2023,o011-edition-brenner-current-20260821,Kurs:Differentialgeometrie (Osnabrück 2023)/Arbeitsblatt 2#exercise-6,f8f3eed5320ddc4217e2962bb56d9cb589875d5a7963d4ba60b8517059769492,45fa9d969f5db8cf2bf845d034e04ffc15a533cac982ce6c96a3aeed8056cf99,Indonesian,id-ID,structurally_verified,o011-rights-brenner-text,active,2026-08-22T04:29:34Z,o011-export-backend-v2,
o011-modular-backend,1,o011-brenner-u02-w02-e007,unit,worksheet02:exercise:7,o011-brenner-u02-w02,7,source/units/unit-02/worksheet02.id.tex#exercise-7,o011-resource-brenner-dg2023,o011-edition-brenner-current-20260821,Kurs:Differentialgeometrie (Osnabrück 2023)/Arbeitsblatt 2#exercise-7,e2e6adde8ab6dbb99be7dfbeff301e0ffbf548113d4d968ffd1b1ec14adb6cd6,0b8f9f9f1e5fbe8048f60673593ff432133bd6c45a7d9c802b8876dc62a282be,Indonesian,id-ID,structurally_verified,o011-rights-brenner-text,active,2026-08-22T04:29:34Z,o011-export-backend-v2,
o011-modular-backend,1,o011-brenner-u02-w02-e007-solution,unit,pageid:152882/revid:1094222,o011-brenner-u02-w02-e007,1,source/units/unit-02/worksheet02_exercise07_solution.id.tex,o011-resource-brenner-dg2023,o011-edition-brenner-current-20260821,Eingebetteter Torus/Einheitsnormalenfeld/Aufgabe/Lösung,90d9007e6a313dcbc4614045f0831b826f7a9af82897e17a36fbce08088ef92b,405e59e8569d9ba8d8dd35ebe6b2ce693cb931d8ed42824d790baeba31fdd8d3,Indonesian,id-ID,structurally_verified,o011-rights-brenner-text,active,2026-08-22T04:29:34Z,o011-export-backend-v2,
o011-modular-backend,1,o011-brenner-u02-w02-e008,unit,worksheet02:exercise:8,o011-brenner-u02-w02,8,source/units/unit-02/worksheet02.id.tex#exercise-8,o011-resource-brenner-dg2023,o011-edition-brenner-current-20260821,Kurs:Differentialgeometrie (Osnabrück 2023)/Arbeitsblatt 2#exercise-8,ae7f9c59e67f675f179be134aec25b034b26694bbd6912e7fa39d1bb2ad6dfe1,6f4d73c02a03d75215a9f50b5919a3b7fd35a6f769ee8fc4597fced5c6d90fbc,Indonesian,id-ID,structurally_verified,o011-rights-brenner-text,active,2026-08-22T04:29:34Z,o011-export-backend-v2,
o011-modular-backend,1,o011-brenner-u02-w02-e009,unit,worksheet02:exercise:9,o011-brenner-u02-w02,9,source/units/unit-02/worksheet02.id.tex#exercise-9,o011-resource-brenner-dg2023,o011-edition-brenner-current-20260821,Kurs:Differentialgeometrie (Osnabrück 2023)/Arbeitsblatt 2#exercise-9,1b9a1f38880777f746e285d15ab75c034405fb71cfcad8c7cb8673ffaa89cd5d,6c08e7b3a1b758fcdc4e22d21a0d9101a29ac63ba82eca34d022892df993a5a3,Indonesian,id-ID,structurally_verified,o011-rights-brenner-text,active,2026-08-22T04:29:34Z,o011-export-backend-v2,
o011-modular-backend,1,o011-brenner-u02-w02-e010,unit,worksheet02:exercise:10,o011-brenner-u02-w02,10,source/units/unit-02/worksheet02.id.tex#exercise-10,o011-resource-brenner-dg2023,o011-edition-brenner-current-20260821,Kurs:Differentialgeometrie (Osnabrück 2023)/Arbeitsblatt 2#exercise-10,0df473a61f48906d7459fcb4778bbfdd4ae5d52690a807e469fc08eb0502c850,5249f071f400968db95061a02c18117b9739bc6874eb1117e76228368af62d85,Indonesian,id-ID,structurally_verified,o011-rights-brenner-text,active,2026-08-22T04:29:34Z,o011-export-backend-v2,
o011-modular-backend,1,o011-brenner-u02-w02-e011,unit,worksheet02:exercise:11,o011-brenner-u02-w02,11,source/units/unit-02/worksheet02.id.tex#exercise-11,o011-resource-brenner-dg2023,o011-edition-brenner-current-20260821,Kurs:Differentialgeometrie (Osnabrück 2023)/Arbeitsblatt 2#exercise-11,eb8ff486785eecd16cb2cf836e7339d8a09b21b198dd1885005d0e8737281b96,d08cc0b2ebd8ae9431e2977a65f8468c68432e050b1f0b849aa473261829bf37,Indonesian,id-ID,structurally_verified,o011-rights-brenner-text,active,2026-08-22T04:29:34Z,o011-export-backend-v2,
o011-modular-backend,1,o011-brenner-u02-w02-e012,unit,worksheet02:exercise:12,o011-brenner-u02-w02,12,source/units/unit-02/worksheet02.id.tex#exercise-12,o011-resource-brenner-dg2023,o011-edition-brenner-current-20260821,Kurs:Differentialgeometrie (Osnabrück 2023)/Arbeitsblatt 2#exercise-12,dd41c57ea914080a24ceb35d139dad7b713d7e3e428c1503a78126acfe348e5e,707c5ef44e5c725b1e1355741b56c048e6605a71503c772c0eb9554c45336b9b,Indonesian,id-ID,structurally_verified,o011-rights-brenner-text,active,2026-08-22T04:29:34Z,o011-export-backend-v2,
o011-modular-backend,1,o011-brenner-u02-w02-e012-solution,unit,pageid:152865/revid:1095926,o011-brenner-u02-w02-e012,1,source/units/unit-02/worksheet02_exercise12_solution.id.tex,o011-resource-brenner-dg2023,o011-edition-brenner-current-20260821,Ellipse/Gaußabbildung/Bijektiv/Umkehrabbildung/Aufgabe/Lösung,3191adb6fbfaf1be11c0e7a061468a4fd6fe9235cd0dea40771ec97bd10f970f,1c04a8fd29888aa47633cffceb25104c6533e6c2b9e512ad663fd3742c581832,Indonesian,id-ID,structurally_verified,o011-rights-brenner-text,active,2026-08-22T04:29:34Z,o011-export-backend-v2,
o011-modular-backend,1,o011-brenner-u02-w02-e013,unit,worksheet02:exercise:13,o011-brenner-u02-w02,13,source/units/unit-02/worksheet02.id.tex#exercise-13,o011-resource-brenner-dg2023,o011-edition-brenner-current-20260821,Kurs:Differentialgeometrie (Osnabrück 2023)/Arbeitsblatt 2#exercise-13,2505e2189cd2ef18e506a64f0f6cd06ba70266244258c1b45d501eaa59748bab,8362ec1fab32845304503827e4bc61d3decbf63c3ef97cb394868a0f03b50e4c,Indonesian,id-ID,structurally_verified,o011-rights-brenner-text,active,2026-08-22T04:29:34Z,o011-export-backend-v2,
o011-modular-backend,1,o011-brenner-u02-w02-e013-solution,unit,pageid:152873/revid:1094182,o011-brenner-u02-w02-e013,1,source/units/unit-02/worksheet02_exercise13_solution.id.tex,o011-resource-brenner-dg2023,o011-edition-brenner-current-20260821,Ellipse/Gaußabbildung/Bijektiv/Aufgabe/Lösung,6896eb6a4a6f4c25bcfaab674847dcd78bc079cfd6c58b3b8542c5c220d85e7b,a4a230b45de82885027722450d3a7f12fc63fe06187abab481788f7b37352ac0,Indonesian,id-ID,structurally_verified,o011-rights-brenner-text,active,2026-08-22T04:29:34Z,o011-export-backend-v2,
o011-modular-backend,1,o011-brenner-u02-w02-e014,unit,worksheet02:exercise:14,o011-brenner-u02-w02,14,source/units/unit-02/worksheet02.id.tex#exercise-14,o011-resource-brenner-dg2023,o011-edition-brenner-current-20260821,Kurs:Differentialgeometrie (Osnabrück 2023)/Arbeitsblatt 2#exercise-14,401e75d3fdbb4e233de38c0000a926d6922a3e7579da7ce7a3a0772b9adf031f,e6c0559e2f6f2aab1cb23fefbde6f0cd75880441e6e0be3c9a7a5dec40eb9097,Indonesian,id-ID,structurally_verified,o011-rights-brenner-text,active,2026-08-22T04:29:34Z,o011-export-backend-v2,
o011-modular-backend,1,o011-brenner-u02-w02-e015,unit,worksheet02:exercise:15,o011-brenner-u02-w02,15,source/units/unit-02/worksheet02.id.tex#exercise-15,o011-resource-brenner-dg2023,o011-edition-brenner-current-20260821,Kurs:Differentialgeometrie (Osnabrück 2023)/Arbeitsblatt 2#exercise-15,6fa772948ec03c2dcd3c1360676b980d5ccd4abd27311c1035e746e446257a4f,fc0587deece923376a9912313b1a6b884cd5d61311acb05277329e1b5f3575a8,Indonesian,id-ID,structurally_verified,o011-rights-brenner-text,active,2026-08-22T04:29:34Z,o011-export-backend-v2,
o011-modular-backend,1,o011-brenner-u02-w02-e016,unit,worksheet02:exercise:16,o011-brenner-u02-w02,16,source/units/unit-02/worksheet02.id.tex#exercise-16,o011-resource-brenner-dg2023,o011-edition-brenner-current-20260821,Kurs:Differentialgeometrie (Osnabrück 2023)/Arbeitsblatt 2#exercise-16,c47e9ffe54ad4b4a8ead6840820ae875c1d8316233018b69e5eba7893d0e7328,93a917ac534a0dc12499656d2c5e251efada93577dd9426a6586211bb1cf2d02,Indonesian,id-ID,structurally_verified,o011-rights-brenner-text,active,2026-08-22T04:29:34Z,o011-export-backend-v2,
o011-modular-backend,1,o011-brenner-u02-w02-e017,unit,worksheet02:exercise:17,o011-brenner-u02-w02,17,source/units/unit-02/worksheet02.id.tex#exercise-17,o011-resource-brenner-dg2023,o011-edition-brenner-current-20260821,Kurs:Differentialgeometrie (Osnabrück 2023)/Arbeitsblatt 2#exercise-17,c790ad4bf314bb0fa882834d88dc72568f2786822114c426806942f1a09d76f8,746effb33561b9bde44a7b3575d554dc3d0b9e5fbaa4e0a071e05187e2dc0b8f,Indonesian,id-ID,structurally_verified,o011-rights-brenner-text,active,2026-08-22T04:29:34Z,o011-export-backend-v2,
o011-modular-backend,1,o011-brenner-u02-w02-e018,unit,worksheet02:exercise:18,o011-brenner-u02-w02,18,source/units/unit-02/worksheet02.id.tex#exercise-18,o011-resource-brenner-dg2023,o011-edition-brenner-current-20260821,Kurs:Differentialgeometrie (Osnabrück 2023)/Arbeitsblatt 2#exercise-18,c307ecbea3cf556f09d9a056a4853154b93ccb5fa251c40c3e4028038333011d,b4c66a45845318fdccd578f108cd7cc346c7802bd970082276e2ce4b4a4454f4,Indonesian,id-ID,structurally_verified,o011-rights-brenner-text,active,2026-08-22T04:29:34Z,o011-export-backend-v2,
o011-modular-backend,1,o011-brenner-u02-w02-e019,unit,worksheet02:exercise:19,o011-brenner-u02-w02,19,source/units/unit-02/worksheet02.id.tex#exercise-19,o011-resource-brenner-dg2023,o011-edition-brenner-current-20260821,Kurs:Differentialgeometrie (Osnabrück 2023)/Arbeitsblatt 2#exercise-19,65a897b6f6c530de9a43923c285590cbb26c5fa3fdd5819fbbff9ffdc90aee67,5caaf7d75688b00b9d0708cb31edf9e9d361a290da223282ecffdbe9986af0cb,Indonesian,id-ID,structurally_verified,o011-rights-brenner-text,active,2026-08-22T04:29:34Z,o011-export-backend-v2,
o011-modular-backend,1,o011-concept-constrained-extremum,concept,Extremum unter Nebenbedingungen,o011-course-d50,,,,,,,,,,,,active,2026-08-21T17:24:54Z,o011-export-backend-v1,
o011-modular-backend,1,o011-concept-gauss-map,concept,Gauß-Abbildung,o011-course-d50,,,,,,,,,,,,active,2026-08-22T04:29:34Z,o011-export-backend-v2,
o011-modular-backend,1,o011-concept-geodesic,concept,geodätische Kurve,o011-course-d50,,,,,,,,,,,,active,2026-08-21T17:24:54Z,o011-export-backend-v1,
o011-modular-backend,1,o011-concept-great-circle,concept,Großkreis,o011-course-d50,,,,,,,,,,,,active,2026-08-21T17:24:54Z,o011-export-backend-v1,
o011-modular-backend,1,o011-concept-hypersurface,concept,Hyperfläche,o011-course-d50,,,,,,,,,,,,active,2026-08-21T17:24:54Z,o011-export-backend-v1,
o011-modular-backend,1,o011-concept-normal-tangent-decomposition,concept,Tangential- und Normalkomponente,o011-course-d50,,,,,,,,,,,,active,2026-08-21T17:24:54Z,o011-export-backend-v1,
o011-modular-backend,1,o011-concept-orientation,concept,Orientierung,o011-course-d50,,,,,,,,,,,,active,2026-08-22T04:29:34Z,o011-export-backend-v2,
o011-modular-backend,1,o011-concept-regular-level-set,concept,reguläre Faser,o011-course-d50,,,,,,,,,,,,active,2026-08-21T17:24:54Z,o011-export-backend-v1,
o011-modular-backend,1,o011-concept-surface-of-revolution,concept,Rotationsfläche,o011-course-d50,,,,,,,,,,,,active,2026-08-22T04:29:34Z,o011-export-backend-v2,
o011-modular-backend,1,o011-concept-tangent-space,concept,Tangentialraum,o011-course-d50,,,,,,,,,,,,active,2026-08-21T17:24:54Z,o011-export-backend-v1,
o011-modular-backend,1,o011-concept-tangent-vector-field,concept,tangentiales Vektorfeld,o011-course-d50,,,,,,,,,,,,active,2026-08-21T17:24:54Z,o011-export-backend-v1,
o011-modular-backend,1,o011-concept-tangential-acceleration,concept,Tangentialbeschleunigung,o011-course-d50,,,,,,,,,,,,active,2026-08-21T17:24:54Z,o011-export-backend-v1,
o011-modular-backend,1,o011-concept-unit-normal-field,concept,Einheitsnormalenfeld,o011-course-d50,,,,,,,,,,,,active,2026-08-22T04:29:34Z,o011-export-backend-v2,
o011-modular-backend,1,o011-corr-0001,correction,lecture01:circle-acceleration,,,,,,,,,,,,,active,2026-08-21T17:24:54Z,o011-export-backend-v1,
o011-modular-backend,1,o011-corr-0002,correction,lecture01:tangential-acceleration,,,,,,,,,,,,,active,2026-08-21T17:24:54Z,o011-export-backend-v1,
o011-modular-backend,1,o011-corr-0003,correction,lecture01:3d-function-6-rights,,,,,,,,,,,,,active,2026-08-21T17:24:54Z,o011-export-backend-v1,
o011-modular-backend,1,o011-corr-0004,correction,worksheet01:exercise19,,,,,,,,,,,,,active,2026-08-21T17:24:54Z,o011-export-backend-v1,
o011-modular-backend,1,o011-corr-0005,correction,worksheet01:spherical-triangle,,,,,,,,,,,,,active,2026-08-21T17:24:54Z,o011-export-backend-v1,
o011-modular-backend,1,o011-corr-0006,correction,lecture01:internal-cross-reference,,,,,,,,,,,,,active,2026-08-21T17:24:54Z,o011-export-backend-v1,
o011-modular-backend,1,o011-corr-0007,correction,unit01:media-attribution,,,,,,,,,,,,,active,2026-08-21T17:24:54Z,o011-export-backend-v1,
o011-modular-backend,1,o011-corr-0008,correction,unit01:math-operator-localization,,,,,,,,,,,,,active,2026-08-21T17:24:54Z,o011-export-backend-v1,
o011-modular-backend,1,o011-corr-0009,correction,lecture01:display-punctuation,,,,,,,,,,,,,active,2026-08-21T17:24:54Z,o011-export-backend-v1,
o011-modular-backend,1,o011-corr-0010,correction,lecture01:regularity-notation,,,,,,,,,,,,,active,2026-08-21T17:24:54Z,o011-export-backend-v1,
o011-modular-backend,1,o011-corr-0011,correction,lecture01:idiom-polish,,,,,,,,,,,,,active,2026-08-21T17:24:54Z,o011-export-backend-v1,
o011-modular-backend,1,o011-corr-0012,correction,lecture02:rotation-surface-domain,,,,,,,,,,,,,active,2026-08-22T04:29:34Z,o011-export-backend-v2,
o011-modular-backend,1,o011-corr-0013,correction,lecture02:unit-normal-field-symbol,,,,,,,,,,,,,active,2026-08-22T04:29:34Z,o011-export-backend-v2,
o011-modular-backend,1,o011-corr-0014,correction,lecture02:constant-gauss-map-proof,,,,,,,,,,,,,active,2026-08-22T04:29:34Z,o011-export-backend-v2,
o011-modular-backend,1,o011-corr-0015,correction,reader:source-item-numbering,,,,,,,,,,,,,active,2026-08-22T04:29:34Z,o011-export-backend-v2,
o011-modular-backend,1,o011-corr-0016,correction,worksheet02:exercise02-display-punctuation,,,,,,,,,,,,,active,2026-08-22T04:29:34Z,o011-export-backend-v2,
o011-modular-backend,1,o011-corr-0017,correction,worksheet02:exercise08-ambient-dimension,,,,,,,,,,,,,active,2026-08-22T04:29:34Z,o011-export-backend-v2,
o011-modular-backend,1,o011-corr-0018,correction,worksheet02:exercise10-sphere-orientation,,,,,,,,,,,,,active,2026-08-22T04:29:34Z,o011-export-backend-v2,
o011-modular-backend,1,o011-corr-0019,correction,worksheet02:exercise11-antipodal-punctuation,,,,,,,,,,,,,active,2026-08-22T04:29:34Z,o011-export-backend-v2,
o011-modular-backend,1,o011-corr-0020,correction,worksheet02:exercise12-orientation,,,,,,,,,,,,,active,2026-08-22T04:29:34Z,o011-export-backend-v2,
o011-modular-backend,1,o011-corr-0021,correction,worksheet02:exercise02-solution,,,,,,,,,,,,,active,2026-08-22T04:29:34Z,o011-export-backend-v2,
o011-modular-backend,1,o011-corr-0022,correction,worksheet02:exercise07-solution-domain,,,,,,,,,,,,,active,2026-08-22T04:29:34Z,o011-export-backend-v2,
o011-modular-backend,1,o011-corr-0023,correction,worksheet02:exercise13-solution,,,,,,,,,,,,,active,2026-08-22T04:29:34Z,o011-export-backend-v2,
o011-modular-backend,1,o011-corr-0024,correction,worksheet02:exercise01-solution-punctuation,,,,,,,,,,,,,active,2026-08-22T04:29:34Z,o011-export-backend-v2,
o011-modular-backend,1,o011-corr-0025,correction,worksheet02:exercise11-target-prose,,,,,,,,,,,,,active,2026-08-22T04:29:34Z,o011-export-backend-v2,
o011-modular-backend,1,o011-corr-0026,correction,worksheet02:exercise13-solution-cross-reference,,,,,,,,,,,,,active,2026-08-22T04:29:34Z,o011-export-backend-v2,
o011-modular-backend,1,o011-corr-0027,correction,worksheet02:exercise12-solution-prose,,,,,,,,,,,,,active,2026-08-22T04:29:34Z,o011-export-backend-v2,
o011-modular-backend,1,o011-course-d50,course,D50,o011-program-id,50,,,,,,,Indonesian,id-ID,,,active,2026-08-21T17:24:54Z,o011-export-backend-v1,
o011-modular-backend,1,o011-edition-brenner-current-20260821,edition,pageid:142521/revid:889544,o011-resource-brenner-dg2023,,,o011-resource-brenner-dg2023,,authority/mediawiki/brenner_course_recursive_current.xml,6b96c90a8b1e52fac57c735f28d0babc56a95050ca015075b755179270d75d14,,,,source_frozen,o011-rights-brenner-text,active,2026-08-21T17:24:54Z,o011-export-backend-v1,
o011-modular-backend,1,o011-program-id,program,O011,,,,,,,,,Indonesian,id-ID,,,active,2026-08-21T17:24:54Z,o011-export-backend-v1,
o011-modular-backend,1,o011-qa-through-unit02-pdf-reproducibility,qa_event,,o011-brenner-u02,,,,,,,6312b4df706d0f08eeb9f37da0abda3428b5448dce54781d0f52eb9c8db5c385,Indonesian,id-ID,built,,active,2026-08-22T04:29:34Z,o011-export-backend-v2,
o011-modular-backend,1,o011-qa-through-unit02-pdf-structural,qa_event,,o011-brenner-u02,,,,,,,6312b4df706d0f08eeb9f37da0abda3428b5448dce54781d0f52eb9c8db5c385,Indonesian,id-ID,visually_checked,,active,2026-08-22T04:29:34Z,o011-export-backend-v2,
o011-modular-backend,1,o011-qa-through-unit02-pdf-visual,qa_event,,o011-brenner-u02,,,,,,,6312b4df706d0f08eeb9f37da0abda3428b5448dce54781d0f52eb9c8db5c385,Indonesian,id-ID,visually_checked,,active,2026-08-22T04:29:34Z,o011-export-backend-v2,
o011-modular-backend,1,o011-qa-unit01-lecture-translation,qa_event,,o011-brenner-u01,,,,,,1ebed6aa9a38214811e7b96baab8ce6adf9215dc99e4844e9fb36be2cf7766fd,428546cce566f1a93e237699f584ff6687275f555d295d584bc394d12e96cffa,Indonesian,id-ID,structurally_verified,,active,2026-08-21T17:24:54Z,o011-export-backend-v1,
o011-modular-backend,1,o011-qa-unit01-media-closure,qa_event,,o011-brenner-u01,,,,,,fc3cc283b23c9027b181c0e3822cf0f26eb58037fe3cbd23e4c7eaae1d05ec57,,,,structurally_verified,,active,2026-08-21T17:24:54Z,o011-export-backend-v1,
o011-modular-backend,1,o011-qa-unit01-pdf-reproducibility,qa_event,,o011-brenner-u01,,,,,,,eb7e78affacf8a559d0f52a1c44921633d2fa74a070faa64af58efc32d34a568,Indonesian,id-ID,built,,active,2026-08-21T17:24:54Z,o011-export-backend-v1,
o011-modular-backend,1,o011-qa-unit01-pdf-structural,qa_event,,o011-brenner-u01,,,,,,,eb7e78affacf8a559d0f52a1c44921633d2fa74a070faa64af58efc32d34a568,Indonesian,id-ID,visually_checked,,active,2026-08-21T17:24:54Z,o011-export-backend-v1,
o011-modular-backend,1,o011-qa-unit01-pdf-visual,qa_event,,o011-brenner-u01,,,,,,,eb7e78affacf8a559d0f52a1c44921633d2fa74a070faa64af58efc32d34a568,Indonesian,id-ID,visually_checked,,active,2026-08-21T17:24:54Z,o011-export-backend-v1,
o011-modular-backend,1,o011-qa-unit01-solution-translation,qa_event,,o011-brenner-u01,,,,,,620804c6a0464a748f9e6923c779d55a4fd5108cfd1236e6d3ac383a3eaff407,36f9b17c995afa4967c05fb119b15c18348dde5669a72140487c4d9ff33e12d5,Indonesian,id-ID,structurally_verified,,active,2026-08-21T17:24:54Z,o011-export-backend-v1,
o011-modular-backend,1,o011-qa-unit01-worksheet-translation,qa_event,,o011-brenner-u01,,,,,,898fa5416a3fa28cb54901116ae21e70cbb2461b9cb20a86525319a29baa4d9c,a4ec57c7c380c8a8f607019b660279a7f5ffd1cf5ee0e432154608ca1628965c,Indonesian,id-ID,structurally_verified,,active,2026-08-21T17:24:54Z,o011-export-backend-v1,
o011-modular-backend,1,o011-qa-unit02-authority-preflight,qa_event,,o011-brenner-u02,,,,,,,,,,source_frozen,,active,2026-08-22T04:29:34Z,o011-export-backend-v2,
o011-modular-backend,1,o011-qa-unit02-final-math-audit,qa_event,,o011-brenner-u02,,,,,,,6312b4df706d0f08eeb9f37da0abda3428b5448dce54781d0f52eb9c8db5c385,Indonesian,id-ID,visually_checked,,active,2026-08-22T04:29:34Z,o011-export-backend-v2,
o011-modular-backend,1,o011-qa-unit02-lecture-translation,qa_event,,o011-brenner-u02,,,,,,f488d809e7d9490c40099d90c2abed2cc8bea39f11923a8d525e6302f3be470a,3dec5f7c1ec47b2ea965481f78db8334ab4046b001c53dd58bde0b9d0bb4cc49,Indonesian,id-ID,structurally_verified,,active,2026-08-22T04:29:34Z,o011-export-backend-v2,
o011-modular-backend,1,o011-qa-unit02-media-closure,qa_event,,o011-brenner-u02,,,,,,fc3cc283b23c9027b181c0e3822cf0f26eb58037fe3cbd23e4c7eaae1d05ec57,,,,structurally_verified,,active,2026-08-22T04:29:34Z,o011-export-backend-v2,
o011-modular-backend,1,o011-qa-unit02-solution01-translation,qa_event,,o011-brenner-u02,,,,,,6dcc38f066a8350fdba67145857c168e1b6ca532c07af0a8f34ee2b954ad9432,bf0788c3f5cc77324bca5dfc1a899b5410fa5a8312da7594b85993c9245a45fe,Indonesian,id-ID,structurally_verified,,active,2026-08-22T04:29:34Z,o011-export-backend-v2,
o011-modular-backend,1,o011-qa-unit02-solution02-translation,qa_event,,o011-brenner-u02,,,,,,a92e556f50d2216192fc61703eea4bae3d233ab632c8eedb19bd35dec2ed89b0,66ac0a6b86de21eee86a898fe7122644c932c4dff44bbc51845967a86b73e2fc,Indonesian,id-ID,structurally_verified,,active,2026-08-22T04:29:34Z,o011-export-backend-v2,
o011-modular-backend,1,o011-qa-unit02-solution07-translation,qa_event,,o011-brenner-u02,,,,,,90d9007e6a313dcbc4614045f0831b826f7a9af82897e17a36fbce08088ef92b,405e59e8569d9ba8d8dd35ebe6b2ce693cb931d8ed42824d790baeba31fdd8d3,Indonesian,id-ID,structurally_verified,,active,2026-08-22T04:29:34Z,o011-export-backend-v2,
o011-modular-backend,1,o011-qa-unit02-solution12-translation,qa_event,,o011-brenner-u02,,,,,,3191adb6fbfaf1be11c0e7a061468a4fd6fe9235cd0dea40771ec97bd10f970f,1c04a8fd29888aa47633cffceb25104c6533e6c2b9e512ad663fd3742c581832,Indonesian,id-ID,structurally_verified,,active,2026-08-22T04:29:34Z,o011-export-backend-v2,
o011-modular-backend,1,o011-qa-unit02-solution13-translation,qa_event,,o011-brenner-u02,,,,,,6896eb6a4a6f4c25bcfaab674847dcd78bc079cfd6c58b3b8542c5c220d85e7b,a4a230b45de82885027722450d3a7f12fc63fe06187abab481788f7b37352ac0,Indonesian,id-ID,structurally_verified,,active,2026-08-22T04:29:34Z,o011-export-backend-v2,
o011-modular-backend,1,o011-qa-unit02-worksheet-translation,qa_event,,o011-brenner-u02,,,,,,c645aacb16233d832b492315379b0251c33fa52db6b2e7ac24be4ecc9600d3ad,677d9b244a2c30561f497e602e29081ca12f668d5a5ec3d116900c49a5bd5954,Indonesian,id-ID,structurally_verified,,active,2026-08-22T04:29:34Z,o011-export-backend-v2,
o011-modular-backend,1,o011-rel-artifact-through-unit02-pdf-represents-u02-checkpoint,relation,,,,,,,,,,,,,,active,2026-08-22T04:29:34Z,o011-export-backend-v2,
o011-modular-backend,1,o011-rel-artifact-u02-l02-tex-represents-brenner-u02-l02,relation,,,,,,,,,,,,,,active,2026-08-22T04:29:34Z,o011-export-backend-v2,
o011-modular-backend,1,o011-rel-artifact-u02-w02-e001-solution-tex-represents-brenner-u02-w02-e001-solution,relation,,,,,,,,,,,,,,active,2026-08-22T04:29:34Z,o011-export-backend-v2,
o011-modular-backend,1,o011-rel-artifact-u02-w02-e002-solution-tex-represents-brenner-u02-w02-e002-solution,relation,,,,,,,,,,,,,,active,2026-08-22T04:29:34Z,o011-export-backend-v2,
o011-modular-backend,1,o011-rel-artifact-u02-w02-e007-solution-tex-represents-brenner-u02-w02-e007-solution,relation,,,,,,,,,,,,,,active,2026-08-22T04:29:34Z,o011-export-backend-v2,
o011-modular-backend,1,o011-rel-artifact-u02-w02-e012-solution-tex-represents-brenner-u02-w02-e012-solution,relation,,,,,,,,,,,,,,active,2026-08-22T04:29:34Z,o011-export-backend-v2,
o011-modular-backend,1,o011-rel-artifact-u02-w02-e013-solution-tex-represents-brenner-u02-w02-e013-solution,relation,,,,,,,,,,,,,,active,2026-08-22T04:29:34Z,o011-export-backend-v2,
o011-modular-backend,1,o011-rel-artifact-u02-w02-tex-represents-brenner-u02-w02,relation,,,,,,,,,,,,,,active,2026-08-22T04:29:34Z,o011-export-backend-v2,
o011-modular-backend,1,o011-rel-contains-artifact-through-unit02-pdf,relation,,,,,,,,,,,,,,active,2026-08-22T04:29:34Z,o011-export-backend-v2,
o011-modular-backend,1,o011-rel-contains-artifact-u02-l02-tex,relation,,,,,,,,,,,,,,active,2026-08-22T04:29:34Z,o011-export-backend-v2,
o011-modular-backend,1,o011-rel-contains-artifact-u02-w02-e001-solution-tex,relation,,,,,,,,,,,,,,active,2026-08-22T04:29:34Z,o011-export-backend-v2,
o011-modular-backend,1,o011-rel-contains-artifact-u02-w02-e002-solution-tex,relation,,,,,,,,,,,,,,active,2026-08-22T04:29:34Z,o011-export-backend-v2,
o011-modular-backend,1,o011-rel-contains-artifact-u02-w02-e007-solution-tex,relation,,,,,,,,,,,,,,active,2026-08-22T04:29:34Z,o011-export-backend-v2,
o011-modular-backend,1,o011-rel-contains-artifact-u02-w02-e012-solution-tex,relation,,,,,,,,,,,,,,active,2026-08-22T04:29:34Z,o011-export-backend-v2,
o011-modular-backend,1,o011-rel-contains-artifact-u02-w02-e013-solution-tex,relation,,,,,,,,,,,,,,active,2026-08-22T04:29:34Z,o011-export-backend-v2,
o011-modular-backend,1,o011-rel-contains-artifact-u02-w02-tex,relation,,,,,,,,,,,,,,active,2026-08-22T04:29:34Z,o011-export-backend-v2,
o011-modular-backend,1,o011-rel-contains-artifact-unit01-pdf,relation,,,,,,,,,,,,,,active,2026-08-21T17:24:54Z,o011-export-backend-v1,
o011-modular-backend,1,o011-rel-contains-asset-file-2019-07-helix-jpg,relation,,,,,,,,,,,,,,active,2026-08-21T17:24:54Z,o011-export-backend-v1,
o011-modular-backend,1,o011-rel-contains-asset-file-3d-function-6-svg,relation,,,,,,,,,,,,,,active,2026-08-21T17:24:54Z,o011-export-backend-v1,
o011-modular-backend,1,o011-rel-contains-asset-file-great-circle-passing-through-two-points-svg,relation,,,,,,,,,,,,,,active,2026-08-21T17:24:54Z,o011-export-backend-v1,
o011-modular-backend,1,o011-rel-contains-asset-file-hyperboloid1-png,relation,,,,,,,,,,,,,,active,2026-08-22T04:29:34Z,o011-export-backend-v2,
o011-modular-backend,1,o011-rel-contains-asset-file-integral-apl-rot-obsah1-svg,relation,,,,,,,,,,,,,,active,2026-08-22T04:29:34Z,o011-export-backend-v2,
o011-modular-backend,1,o011-rel-contains-asset-file-planned-flight-map-of-the-oiseau-blanc-svg,relation,,,,,,,,,,,,,,active,2026-08-21T17:24:54Z,o011-export-backend-v1,
o011-modular-backend,1,o011-rel-contains-brenner-u01,relation,,,,,,,,,,,,,,active,2026-08-21T17:24:54Z,o011-export-backend-v1,
o011-modular-backend,1,o011-rel-contains-brenner-u01-l01,relation,,,,,,,,,,,,,,active,2026-08-21T17:24:54Z,o011-export-backend-v1,
o011-modular-backend,1,o011-rel-contains-brenner-u01-l01-s01,relation,,,,,,,,,,,,,,active,2026-08-21T17:24:54Z,o011-export-backend-v1,
o011-modular-backend,1,o011-rel-contains-brenner-u01-l01-s02,relation,,,,,,,,,,,,,,active,2026-08-21T17:24:54Z,o011-export-backend-v1,
o011-modular-backend,1,o011-rel-contains-brenner-u01-l01-s03,relation,,,,,,,,,,,,,,active,2026-08-21T17:24:54Z,o011-export-backend-v1,
o011-modular-backend,1,o011-rel-contains-brenner-u01-l01-s04,relation,,,,,,,,,,,,,,active,2026-08-21T17:24:54Z,o011-export-backend-v1,
o011-modular-backend,1,o011-rel-contains-brenner-u01-w01,relation,,,,,,,,,,,,,,active,2026-08-21T17:24:54Z,o011-export-backend-v1,
o011-modular-backend,1,o011-rel-contains-brenner-u01-w01-e001,relation,,,,,,,,,,,,,,active,2026-08-21T17:24:54Z,o011-export-backend-v1,
o011-modular-backend,1,o011-rel-contains-brenner-u01-w01-e001-solution,relation,,,,,,,,,,,,,,active,2026-08-21T17:24:54Z,o011-export-backend-v1,
o011-modular-backend,1,o011-rel-contains-brenner-u01-w01-e002,relation,,,,,,,,,,,,,,active,2026-08-21T17:24:54Z,o011-export-backend-v1,
o011-modular-backend,1,o011-rel-contains-brenner-u01-w01-e003,relation,,,,,,,,,,,,,,active,2026-08-21T17:24:54Z,o011-export-backend-v1,
o011-modular-backend,1,o011-rel-contains-brenner-u01-w01-e004,relation,,,,,,,,,,,,,,active,2026-08-21T17:24:54Z,o011-export-backend-v1,
o011-modular-backend,1,o011-rel-contains-brenner-u01-w01-e005,relation,,,,,,,,,,,,,,active,2026-08-21T17:24:54Z,o011-export-backend-v1,
o011-modular-backend,1,o011-rel-contains-brenner-u01-w01-e006,relation,,,,,,,,,,,,,,active,2026-08-21T17:24:54Z,o011-export-backend-v1,
o011-modular-backend,1,o011-rel-contains-brenner-u01-w01-e007,relation,,,,,,,,,,,,,,active,2026-08-21T17:24:54Z,o011-export-backend-v1,
o011-modular-backend,1,o011-rel-contains-brenner-u01-w01-e008,relation,,,,,,,,,,,,,,active,2026-08-21T17:24:54Z,o011-export-backend-v1,
o011-modular-backend,1,o011-rel-contains-brenner-u01-w01-e009,relation,,,,,,,,,,,,,,active,2026-08-21T17:24:54Z,o011-export-backend-v1,
o011-modular-backend,1,o011-rel-contains-brenner-u01-w01-e010,relation,,,,,,,,,,,,,,active,2026-08-21T17:24:54Z,o011-export-backend-v1,
o011-modular-backend,1,o011-rel-contains-brenner-u01-w01-e011,relation,,,,,,,,,,,,,,active,2026-08-21T17:24:54Z,o011-export-backend-v1,
o011-modular-backend,1,o011-rel-contains-brenner-u01-w01-e012,relation,,,,,,,,,,,,,,active,2026-08-21T17:24:54Z,o011-export-backend-v1,
o011-modular-backend,1,o011-rel-contains-brenner-u01-w01-e013,relation,,,,,,,,,,,,,,active,2026-08-21T17:24:54Z,o011-export-backend-v1,
o011-modular-backend,1,o011-rel-contains-brenner-u01-w01-e014,relation,,,,,,,,,,,,,,active,2026-08-21T17:24:54Z,o011-export-backend-v1,
o011-modular-backend,1,o011-rel-contains-brenner-u01-w01-e015,relation,,,,,,,,,,,,,,active,2026-08-21T17:24:54Z,o011-export-backend-v1,
o011-modular-backend,1,o011-rel-contains-brenner-u01-w01-e016,relation,,,,,,,,,,,,,,active,2026-08-21T17:24:54Z,o011-export-backend-v1,
o011-modular-backend,1,o011-rel-contains-brenner-u01-w01-e017,relation,,,,,,,,,,,,,,active,2026-08-21T17:24:54Z,o011-export-backend-v1,
o011-modular-backend,1,o011-rel-contains-brenner-u01-w01-e018,relation,,,,,,,,,,,,,,active,2026-08-21T17:24:54Z,o011-export-backend-v1,
o011-modular-backend,1,o011-rel-contains-brenner-u01-w01-e019,relation,,,,,,,,,,,,,,active,2026-08-21T17:24:54Z,o011-export-backend-v1,
o011-modular-backend,1,o011-rel-contains-brenner-u02,relation,,,,,,,,,,,,,,active,2026-08-22T04:29:34Z,o011-export-backend-v2,
o011-modular-backend,1,o011-rel-contains-brenner-u02-l02,relation,,,,,,,,,,,,,,active,2026-08-22T04:29:34Z,o011-export-backend-v2,
o011-modular-backend,1,o011-rel-contains-brenner-u02-l02-s01,relation,,,,,,,,,,,,,,active,2026-08-22T04:29:34Z,o011-export-backend-v2,
o011-modular-backend,1,o011-rel-contains-brenner-u02-l02-s02,relation,,,,,,,,,,,,,,active,2026-08-22T04:29:34Z,o011-export-backend-v2,
o011-modular-backend,1,o011-rel-contains-brenner-u02-l02-s03,relation,,,,,,,,,,,,,,active,2026-08-22T04:29:34Z,o011-export-backend-v2,
o011-modular-backend,1,o011-rel-contains-brenner-u02-w02,relation,,,,,,,,,,,,,,active,2026-08-22T04:29:34Z,o011-export-backend-v2,
o011-modular-backend,1,o011-rel-contains-brenner-u02-w02-e001,relation,,,,,,,,,,,,,,active,2026-08-22T04:29:34Z,o011-export-backend-v2,
o011-modular-backend,1,o011-rel-contains-brenner-u02-w02-e001-solution,relation,,,,,,,,,,,,,,active,2026-08-22T04:29:34Z,o011-export-backend-v2,
o011-modular-backend,1,o011-rel-contains-brenner-u02-w02-e002,relation,,,,,,,,,,,,,,active,2026-08-22T04:29:34Z,o011-export-backend-v2,
o011-modular-backend,1,o011-rel-contains-brenner-u02-w02-e002-solution,relation,,,,,,,,,,,,,,active,2026-08-22T04:29:34Z,o011-export-backend-v2,
o011-modular-backend,1,o011-rel-contains-brenner-u02-w02-e003,relation,,,,,,,,,,,,,,active,2026-08-22T04:29:34Z,o011-export-backend-v2,
o011-modular-backend,1,o011-rel-contains-brenner-u02-w02-e004,relation,,,,,,,,,,,,,,active,2026-08-22T04:29:34Z,o011-export-backend-v2,
o011-modular-backend,1,o011-rel-contains-brenner-u02-w02-e005,relation,,,,,,,,,,,,,,active,2026-08-22T04:29:34Z,o011-export-backend-v2,
o011-modular-backend,1,o011-rel-contains-brenner-u02-w02-e006,relation,,,,,,,,,,,,,,active,2026-08-22T04:29:34Z,o011-export-backend-v2,
o011-modular-backend,1,o011-rel-contains-brenner-u02-w02-e007,relation,,,,,,,,,,,,,,active,2026-08-22T04:29:34Z,o011-export-backend-v2,
o011-modular-backend,1,o011-rel-contains-brenner-u02-w02-e007-solution,relation,,,,,,,,,,,,,,active,2026-08-22T04:29:34Z,o011-export-backend-v2,
o011-modular-backend,1,o011-rel-contains-brenner-u02-w02-e008,relation,,,,,,,,,,,,,,active,2026-08-22T04:29:34Z,o011-export-backend-v2,
o011-modular-backend,1,o011-rel-contains-brenner-u02-w02-e009,relation,,,,,,,,,,,,,,active,2026-08-22T04:29:34Z,o011-export-backend-v2,
o011-modular-backend,1,o011-rel-contains-brenner-u02-w02-e010,relation,,,,,,,,,,,,,,active,2026-08-22T04:29:34Z,o011-export-backend-v2,
o011-modular-backend,1,o011-rel-contains-brenner-u02-w02-e011,relation,,,,,,,,,,,,,,active,2026-08-22T04:29:34Z,o011-export-backend-v2,
o011-modular-backend,1,o011-rel-contains-brenner-u02-w02-e012,relation,,,,,,,,,,,,,,active,2026-08-22T04:29:34Z,o011-export-backend-v2,
o011-modular-backend,1,o011-rel-contains-brenner-u02-w02-e012-solution,relation,,,,,,,,,,,,,,active,2026-08-22T04:29:34Z,o011-export-backend-v2,
o011-modular-backend,1,o011-rel-contains-brenner-u02-w02-e013,relation,,,,,,,,,,,,,,active,2026-08-22T04:29:34Z,o011-export-backend-v2,
o011-modular-backend,1,o011-rel-contains-brenner-u02-w02-e013-solution,relation,,,,,,,,,,,,,,active,2026-08-22T04:29:34Z,o011-export-backend-v2,
o011-modular-backend,1,o011-rel-contains-brenner-u02-w02-e014,relation,,,,,,,,,,,,,,active,2026-08-22T04:29:34Z,o011-export-backend-v2,
o011-modular-backend,1,o011-rel-contains-brenner-u02-w02-e015,relation,,,,,,,,,,,,,,active,2026-08-22T04:29:34Z,o011-export-backend-v2,
o011-modular-backend,1,o011-rel-contains-brenner-u02-w02-e016,relation,,,,,,,,,,,,,,active,2026-08-22T04:29:34Z,o011-export-backend-v2,
o011-modular-backend,1,o011-rel-contains-brenner-u02-w02-e017,relation,,,,,,,,,,,,,,active,2026-08-22T04:29:34Z,o011-export-backend-v2,
o011-modular-backend,1,o011-rel-contains-brenner-u02-w02-e018,relation,,,,,,,,,,,,,,active,2026-08-22T04:29:34Z,o011-export-backend-v2,
o011-modular-backend,1,o011-rel-contains-brenner-u02-w02-e019,relation,,,,,,,,,,,,,,active,2026-08-22T04:29:34Z,o011-export-backend-v2,
o011-modular-backend,1,o011-rel-contains-concept-constrained-extremum,relation,,,,,,,,,,,,,,active,2026-08-21T17:24:54Z,o011-export-backend-v1,
o011-modular-backend,1,o011-rel-contains-concept-gauss-map,relation,,,,,,,,,,,,,,active,2026-08-22T04:29:34Z,o011-export-backend-v2,
o011-modular-backend,1,o011-rel-contains-concept-geodesic,relation,,,,,,,,,,,,,,active,2026-08-21T17:24:54Z,o011-export-backend-v1,
o011-modular-backend,1,o011-rel-contains-concept-great-circle,relation,,,,,,,,,,,,,,active,2026-08-21T17:24:54Z,o011-export-backend-v1,
o011-modular-backend,1,o011-rel-contains-concept-hypersurface,relation,,,,,,,,,,,,,,active,2026-08-21T17:24:54Z,o011-export-backend-v1,
o011-modular-backend,1,o011-rel-contains-concept-normal-tangent-decomposition,relation,,,,,,,,,,,,,,active,2026-08-21T17:24:54Z,o011-export-backend-v1,
o011-modular-backend,1,o011-rel-contains-concept-orientation,relation,,,,,,,,,,,,,,active,2026-08-22T04:29:34Z,o011-export-backend-v2,
o011-modular-backend,1,o011-rel-contains-concept-regular-level-set,relation,,,,,,,,,,,,,,active,2026-08-21T17:24:54Z,o011-export-backend-v1,
o011-modular-backend,1,o011-rel-contains-concept-surface-of-revolution,relation,,,,,,,,,,,,,,active,2026-08-22T04:29:34Z,o011-export-backend-v2,
o011-modular-backend,1,o011-rel-contains-concept-tangent-space,relation,,,,,,,,,,,,,,active,2026-08-21T17:24:54Z,o011-export-backend-v1,
o011-modular-backend,1,o011-rel-contains-concept-tangent-vector-field,relation,,,,,,,,,,,,,,active,2026-08-21T17:24:54Z,o011-export-backend-v1,
o011-modular-backend,1,o011-rel-contains-concept-tangential-acceleration,relation,,,,,,,,,,,,,,active,2026-08-21T17:24:54Z,o011-export-backend-v1,
o011-modular-backend,1,o011-rel-contains-concept-unit-normal-field,relation,,,,,,,,,,,,,,active,2026-08-22T04:29:34Z,o011-export-backend-v2,
o011-modular-backend,1,o011-rel-contains-course-d50,relation,,,,,,,,,,,,,,active,2026-08-21T17:24:54Z,o011-export-backend-v1,
o011-modular-backend,1,o011-rel-contains-edition-brenner-current-20260821,relation,,,,,,,,,,,,,,active,2026-08-21T17:24:54Z,o011-export-backend-v1,
o011-modular-backend,1,o011-rel-contains-qa-through-unit02-pdf-reproducibility,relation,,,,,,,,,,,,,,active,2026-08-22T04:29:34Z,o011-export-backend-v2,
o011-modular-backend,1,o011-rel-contains-qa-through-unit02-pdf-structural,relation,,,,,,,,,,,,,,active,2026-08-22T04:29:34Z,o011-export-backend-v2,
o011-modular-backend,1,o011-rel-contains-qa-through-unit02-pdf-visual,relation,,,,,,,,,,,,,,active,2026-08-22T04:29:34Z,o011-export-backend-v2,
o011-modular-backend,1,o011-rel-contains-qa-unit01-lecture-translation,relation,,,,,,,,,,,,,,active,2026-08-21T17:24:54Z,o011-export-backend-v1,
o011-modular-backend,1,o011-rel-contains-qa-unit01-media-closure,relation,,,,,,,,,,,,,,active,2026-08-21T17:24:54Z,o011-export-backend-v1,
o011-modular-backend,1,o011-rel-contains-qa-unit01-pdf-reproducibility,relation,,,,,,,,,,,,,,active,2026-08-21T17:24:54Z,o011-export-backend-v1,
o011-modular-backend,1,o011-rel-contains-qa-unit01-pdf-structural,relation,,,,,,,,,,,,,,active,2026-08-21T17:24:54Z,o011-export-backend-v1,
o011-modular-backend,1,o011-rel-contains-qa-unit01-pdf-visual,relation,,,,,,,,,,,,,,active,2026-08-21T17:24:54Z,o011-export-backend-v1,
o011-modular-backend,1,o011-rel-contains-qa-unit01-solution-translation,relation,,,,,,,,,,,,,,active,2026-08-21T17:24:54Z,o011-export-backend-v1,
o011-modular-backend,1,o011-rel-contains-qa-unit01-worksheet-translation,relation,,,,,,,,,,,,,,active,2026-08-21T17:24:54Z,o011-export-backend-v1,
o011-modular-backend,1,o011-rel-contains-qa-unit02-authority-preflight,relation,,,,,,,,,,,,,,active,2026-08-22T04:29:34Z,o011-export-backend-v2,
o011-modular-backend,1,o011-rel-contains-qa-unit02-final-math-audit,relation,,,,,,,,,,,,,,active,2026-08-22T04:29:34Z,o011-export-backend-v2,
o011-modular-backend,1,o011-rel-contains-qa-unit02-lecture-translation,relation,,,,,,,,,,,,,,active,2026-08-22T04:29:34Z,o011-export-backend-v2,
o011-modular-backend,1,o011-rel-contains-qa-unit02-media-closure,relation,,,,,,,,,,,,,,active,2026-08-22T04:29:34Z,o011-export-backend-v2,
o011-modular-backend,1,o011-rel-contains-qa-unit02-solution01-translation,relation,,,,,,,,,,,,,,active,2026-08-22T04:29:34Z,o011-export-backend-v2,
o011-modular-backend,1,o011-rel-contains-qa-unit02-solution02-translation,relation,,,,,,,,,,,,,,active,2026-08-22T04:29:34Z,o011-export-backend-v2,
o011-modular-backend,1,o011-rel-contains-qa-unit02-solution07-translation,relation,,,,,,,,,,,,,,active,2026-08-22T04:29:34Z,o011-export-backend-v2,
o011-modular-backend,1,o011-rel-contains-qa-unit02-solution12-translation,relation,,,,,,,,,,,,,,active,2026-08-22T04:29:34Z,o011-export-backend-v2,
o011-modular-backend,1,o011-rel-contains-qa-unit02-solution13-translation,relation,,,,,,,,,,,,,,active,2026-08-22T04:29:34Z,o011-export-backend-v2,
o011-modular-backend,1,o011-rel-contains-qa-unit02-worksheet-translation,relation,,,,,,,,,,,,,,active,2026-08-22T04:29:34Z,o011-export-backend-v2,
o011-modular-backend,1,o011-rel-contains-resource-brenner-dg2023,relation,,,,,,,,,,,,,,active,2026-08-21T17:24:54Z,o011-export-backend-v1,
o011-modular-backend,1,o011-rel-l01-s01-covers-hypersurface,relation,,,2,,,,,,,,,,,active,2026-08-21T17:24:54Z,o011-export-backend-v1,
o011-modular-backend,1,o011-rel-l01-s01-covers-regular-level-set,relation,,,1,,,,,,,,,,,active,2026-08-21T17:24:54Z,o011-export-backend-v1,
o011-modular-backend,1,o011-rel-l01-s01-covers-tangent-space,relation,,,3,,,,,,,,,,,active,2026-08-21T17:24:54Z,o011-export-backend-v1,
o011-modular-backend,1,o011-rel-l01-s02-covers-constrained-extremum,relation,,,2,,,,,,,,,,,active,2026-08-21T17:24:54Z,o011-export-backend-v1,
o011-modular-backend,1,o011-rel-l01-s02-covers-tangent-vector-field,relation,,,1,,,,,,,,,,,active,2026-08-21T17:24:54Z,o011-export-backend-v1,
o011-modular-backend,1,o011-rel-l01-s03-covers-normal-tangent-decomposition,relation,,,1,,,,,,,,,,,active,2026-08-21T17:24:54Z,o011-export-backend-v1,
o011-modular-backend,1,o011-rel-l01-s03-covers-tangential-acceleration,relation,,,2,,,,,,,,,,,active,2026-08-21T17:24:54Z,o011-export-backend-v1,
o011-modular-backend,1,o011-rel-l01-s04-covers-geodesic,relation,,,1,,,,,,,,,,,active,2026-08-21T17:24:54Z,o011-export-backend-v1,
o011-modular-backend,1,o011-rel-l01-s04-covers-great-circle,relation,,,2,,,,,,,,,,,active,2026-08-21T17:24:54Z,o011-export-backend-v1,
o011-modular-backend,1,o011-rel-qa-through-unit02-pdf-reproducibility-verifies-through-unit02-pdf,relation,,,,,,,,,,,,,,active,2026-08-22T04:29:34Z,o011-export-backend-v2,
o011-modular-backend,1,o011-rel-qa-through-unit02-pdf-structural-verifies-through-unit02-pdf,relation,,,,,,,,,,,,,,active,2026-08-22T04:29:34Z,o011-export-backend-v2,
o011-modular-backend,1,o011-rel-qa-through-unit02-pdf-visual-verifies-through-unit02-pdf,relation,,,,,,,,,,,,,,active,2026-08-22T04:29:34Z,o011-export-backend-v2,
o011-modular-backend,1,o011-rel-qa-unit02-authority-preflight-verifies-u02,relation,,,,,,,,,,,,,,active,2026-08-22T04:29:34Z,o011-export-backend-v2,
o011-modular-backend,1,o011-rel-qa-unit02-final-math-audit-verifies-u02,relation,,,,,,,,,,,,,,active,2026-08-22T04:29:34Z,o011-export-backend-v2,
o011-modular-backend,1,o011-rel-qa-unit02-lecture-translation-verifies-artifact-u02-l02-tex,relation,,,,,,,,,,,,,,active,2026-08-22T04:29:34Z,o011-export-backend-v2,
o011-modular-backend,1,o011-rel-qa-unit02-media-closure-verifies-u02,relation,,,,,,,,,,,,,,active,2026-08-22T04:29:34Z,o011-export-backend-v2,
o011-modular-backend,1,o011-rel-qa-unit02-solution01-translation-verifies-artifact-u02-w02-e001-solution-tex,relation,,,,,,,,,,,,,,active,2026-08-22T04:29:34Z,o011-export-backend-v2,
o011-modular-backend,1,o011-rel-qa-unit02-solution02-translation-verifies-artifact-u02-w02-e002-solution-tex,relation,,,,,,,,,,,,,,active,2026-08-22T04:29:34Z,o011-export-backend-v2,
o011-modular-backend,1,o011-rel-qa-unit02-solution07-translation-verifies-artifact-u02-w02-e007-solution-tex,relation,,,,,,,,,,,,,,active,2026-08-22T04:29:34Z,o011-export-backend-v2,
o011-modular-backend,1,o011-rel-qa-unit02-solution12-translation-verifies-artifact-u02-w02-e012-solution-tex,relation,,,,,,,,,,,,,,active,2026-08-22T04:29:34Z,o011-export-backend-v2,
o011-modular-backend,1,o011-rel-qa-unit02-solution13-translation-verifies-artifact-u02-w02-e013-solution-tex,relation,,,,,,,,,,,,,,active,2026-08-22T04:29:34Z,o011-export-backend-v2,
o011-modular-backend,1,o011-rel-qa-unit02-worksheet-translation-verifies-artifact-u02-w02-tex,relation,,,,,,,,,,,,,,active,2026-08-22T04:29:34Z,o011-export-backend-v2,
o011-modular-backend,1,o011-rel-u01-precedes-u02,relation,,,,,,,,,,,,,,active,2026-08-22T04:29:34Z,o011-export-backend-v2,
o011-modular-backend,1,o011-rel-u02-l02-s01-covers-surface-of-revolution,relation,,,1,,,,,,,,,,,active,2026-08-22T04:29:34Z,o011-export-backend-v2,
o011-modular-backend,1,o011-rel-u02-l02-s02-covers-orientation,relation,,,2,,,,,,,,,,,active,2026-08-22T04:29:34Z,o011-export-backend-v2,
o011-modular-backend,1,o011-rel-u02-l02-s02-covers-unit-normal-field,relation,,,1,,,,,,,,,,,active,2026-08-22T04:29:34Z,o011-export-backend-v2,
o011-modular-backend,1,o011-rel-u02-l02-s03-covers-gauss-map,relation,,,1,,,,,,,,,,,active,2026-08-22T04:29:34Z,o011-export-backend-v2,
o011-modular-backend,1,o011-rel-u02-l02-uses-hyperboloid1-png,relation,,,,,,,,,,,,,,active,2026-08-22T04:29:34Z,o011-export-backend-v2,
o011-modular-backend,1,o011-rel-u02-l02-uses-integral-apl-rot-obsah1-svg,relation,,,,,,,,,,,,,,active,2026-08-22T04:29:34Z,o011-export-backend-v2,
o011-modular-backend,1,o011-rel-u02-w02-e001-precedes-e002,relation,,,,,,,,,,,,,,active,2026-08-22T04:29:34Z,o011-export-backend-v2,
o011-modular-backend,1,o011-rel-u02-w02-e001-solution-solves-e001,relation,,,,,,,,,,,,,,active,2026-08-22T04:29:34Z,o011-export-backend-v2,
o011-modular-backend,1,o011-rel-u02-w02-e002-precedes-e003,relation,,,,,,,,,,,,,,active,2026-08-22T04:29:34Z,o011-export-backend-v2,
o011-modular-backend,1,o011-rel-u02-w02-e002-solution-solves-e002,relation,,,,,,,,,,,,,,active,2026-08-22T04:29:34Z,o011-export-backend-v2,
o011-modular-backend,1,o011-rel-u02-w02-e003-precedes-e004,relation,,,,,,,,,,,,,,active,2026-08-22T04:29:34Z,o011-export-backend-v2,
o011-modular-backend,1,o011-rel-u02-w02-e004-precedes-e005,relation,,,,,,,,,,,,,,active,2026-08-22T04:29:34Z,o011-export-backend-v2,
o011-modular-backend,1,o011-rel-u02-w02-e005-precedes-e006,relation,,,,,,,,,,,,,,active,2026-08-22T04:29:34Z,o011-export-backend-v2,
o011-modular-backend,1,o011-rel-u02-w02-e006-precedes-e007,relation,,,,,,,,,,,,,,active,2026-08-22T04:29:34Z,o011-export-backend-v2,
o011-modular-backend,1,o011-rel-u02-w02-e007-precedes-e008,relation,,,,,,,,,,,,,,active,2026-08-22T04:29:34Z,o011-export-backend-v2,
o011-modular-backend,1,o011-rel-u02-w02-e007-solution-solves-e007,relation,,,,,,,,,,,,,,active,2026-08-22T04:29:34Z,o011-export-backend-v2,
o011-modular-backend,1,o011-rel-u02-w02-e008-precedes-e009,relation,,,,,,,,,,,,,,active,2026-08-22T04:29:34Z,o011-export-backend-v2,
o011-modular-backend,1,o011-rel-u02-w02-e009-precedes-e010,relation,,,,,,,,,,,,,,active,2026-08-22T04:29:34Z,o011-export-backend-v2,
o011-modular-backend,1,o011-rel-u02-w02-e010-precedes-e011,relation,,,,,,,,,,,,,,active,2026-08-22T04:29:34Z,o011-export-backend-v2,
o011-modular-backend,1,o011-rel-u02-w02-e011-precedes-e012,relation,,,,,,,,,,,,,,active,2026-08-22T04:29:34Z,o011-export-backend-v2,
o011-modular-backend,1,o011-rel-u02-w02-e012-precedes-e013,relation,,,,,,,,,,,,,,active,2026-08-22T04:29:34Z,o011-export-backend-v2,
o011-modular-backend,1,o011-rel-u02-w02-e012-solution-solves-e012,relation,,,,,,,,,,,,,,active,2026-08-22T04:29:34Z,o011-export-backend-v2,
o011-modular-backend,1,o011-rel-u02-w02-e013-precedes-e014,relation,,,,,,,,,,,,,,active,2026-08-22T04:29:34Z,o011-export-backend-v2,
o011-modular-backend,1,o011-rel-u02-w02-e013-solution-solves-e013,relation,,,,,,,,,,,,,,active,2026-08-22T04:29:34Z,o011-export-backend-v2,
o011-modular-backend,1,o011-rel-u02-w02-e014-precedes-e015,relation,,,,,,,,,,,,,,active,2026-08-22T04:29:34Z,o011-export-backend-v2,
o011-modular-backend,1,o011-rel-u02-w02-e015-precedes-e016,relation,,,,,,,,,,,,,,active,2026-08-22T04:29:34Z,o011-export-backend-v2,
o011-modular-backend,1,o011-rel-u02-w02-e016-precedes-e017,relation,,,,,,,,,,,,,,active,2026-08-22T04:29:34Z,o011-export-backend-v2,
o011-modular-backend,1,o011-rel-u02-w02-e017-precedes-e018,relation,,,,,,,,,,,,,,active,2026-08-22T04:29:34Z,o011-export-backend-v2,
o011-modular-backend,1,o011-rel-u02-w02-e018-precedes-e019,relation,,,,,,,,,,,,,,active,2026-08-22T04:29:34Z,o011-export-backend-v2,
o011-modular-backend,1,o011-rel-w01-e001-precedes-e002,relation,,,,,,,,,,,,,,active,2026-08-21T17:24:54Z,o011-export-backend-v1,
o011-modular-backend,1,o011-rel-w01-e001-solution-solves-e001,relation,,,,,,,,,,,,,,active,2026-08-21T17:24:54Z,o011-export-backend-v1,
o011-modular-backend,1,o011-rel-w01-e002-precedes-e003,relation,,,,,,,,,,,,,,active,2026-08-21T17:24:54Z,o011-export-backend-v1,
o011-modular-backend,1,o011-rel-w01-e003-precedes-e004,relation,,,,,,,,,,,,,,active,2026-08-21T17:24:54Z,o011-export-backend-v1,
o011-modular-backend,1,o011-rel-w01-e004-precedes-e005,relation,,,,,,,,,,,,,,active,2026-08-21T17:24:54Z,o011-export-backend-v1,
o011-modular-backend,1,o011-rel-w01-e005-precedes-e006,relation,,,,,,,,,,,,,,active,2026-08-21T17:24:54Z,o011-export-backend-v1,
o011-modular-backend,1,o011-rel-w01-e006-precedes-e007,relation,,,,,,,,,,,,,,active,2026-08-21T17:24:54Z,o011-export-backend-v1,
o011-modular-backend,1,o011-rel-w01-e007-precedes-e008,relation,,,,,,,,,,,,,,active,2026-08-21T17:24:54Z,o011-export-backend-v1,
o011-modular-backend,1,o011-rel-w01-e008-precedes-e009,relation,,,,,,,,,,,,,,active,2026-08-21T17:24:54Z,o011-export-backend-v1,
o011-modular-backend,1,o011-rel-w01-e009-precedes-e010,relation,,,,,,,,,,,,,,active,2026-08-21T17:24:54Z,o011-export-backend-v1,
o011-modular-backend,1,o011-rel-w01-e010-precedes-e011,relation,,,,,,,,,,,,,,active,2026-08-21T17:24:54Z,o011-export-backend-v1,
o011-modular-backend,1,o011-rel-w01-e011-precedes-e012,relation,,,,,,,,,,,,,,active,2026-08-21T17:24:54Z,o011-export-backend-v1,
o011-modular-backend,1,o011-rel-w01-e012-precedes-e013,relation,,,,,,,,,,,,,,active,2026-08-21T17:24:54Z,o011-export-backend-v1,
o011-modular-backend,1,o011-rel-w01-e013-precedes-e014,relation,,,,,,,,,,,,,,active,2026-08-21T17:24:54Z,o011-export-backend-v1,
o011-modular-backend,1,o011-rel-w01-e014-precedes-e015,relation,,,,,,,,,,,,,,active,2026-08-21T17:24:54Z,o011-export-backend-v1,
o011-modular-backend,1,o011-rel-w01-e015-precedes-e016,relation,,,,,,,,,,,,,,active,2026-08-21T17:24:54Z,o011-export-backend-v1,
o011-modular-backend,1,o011-rel-w01-e016-precedes-e017,relation,,,,,,,,,,,,,,active,2026-08-21T17:24:54Z,o011-export-backend-v1,
o011-modular-backend,1,o011-rel-w01-e017-precedes-e018,relation,,,,,,,,,,,,,,active,2026-08-21T17:24:54Z,o011-export-backend-v1,
o011-modular-backend,1,o011-rel-w01-e018-precedes-e019,relation,,,,,,,,,,,,,,active,2026-08-21T17:24:54Z,o011-export-backend-v1,
o011-modular-backend,1,o011-resource-brenner-dg2023,resource,pageid:142521,o011-course-d50,,,,,https://de.wikiversity.org/wiki/Kurs:Differentialgeometrie_(Osnabr%C3%BCck_2023),,,,,,o011-rights-brenner-text,active,2026-08-21T17:24:54Z,o011-export-backend-v1,
o011-modular-backend,1,o011-rights-brenner-text,rights,CC-BY-SA-4.0,,,,,,,,,,,,,active,2026-08-21T17:24:54Z,o011-export-backend-v1,
o011-modular-backend,1,o011-rights-media-01,rights,File:2019-07-Helix.jpg,,,,,,,,,,,,,active,2026-08-21T17:24:54Z,o011-export-backend-v1,
o011-modular-backend,1,o011-rights-media-02,rights,File:3d-function-6.svg,,,,,,,,,,,,,active,2026-08-21T17:24:54Z,o011-export-backend-v1,
o011-modular-backend,1,o011-rights-media-03,rights,File:Great circle passing through two points.svg,,,,,,,,,,,,,active,2026-08-21T17:24:54Z,o011-export-backend-v1,
o011-modular-backend,1,o011-rights-media-04,rights,File:Planned flight map of the Oiseau Blanc.svg,,,,,,,,,,,,,active,2026-08-21T17:24:54Z,o011-export-backend-v1,
o011-modular-backend,1,o011-rights-media-u02-01,rights,File:Integral apl rot obsah1.svg,,,,,,,,,,,,,active,2026-08-22T04:29:34Z,o011-export-backend-v2,
o011-modular-backend,1,o011-rights-media-u02-02,rights,File:Hyperboloid1.png,,,,,,,,,,,,,active,2026-08-22T04:29:34Z,o011-export-backend-v2,
o011-modular-backend,1,o011-term-0001,term,Differentialgeometrie,,,,,,,,,Indonesian,id-ID,translated,,active,2026-08-21T17:24:54Z,o011-export-backend-v1,
o011-modular-backend,1,o011-term-0002,term,Mannigfaltigkeit,,,,,,,,,Indonesian,id-ID,translated,,active,2026-08-21T17:24:54Z,o011-export-backend-v1,
o011-modular-backend,1,o011-term-0003,term,differenzierbare Mannigfaltigkeit,,,,,,,,,Indonesian,id-ID,translated,,active,2026-08-21T17:24:54Z,o011-export-backend-v1,
o011-modular-backend,1,o011-term-0004,term,glatte Mannigfaltigkeit,,,,,,,,,Indonesian,id-ID,translated,,active,2026-08-21T17:24:54Z,o011-export-backend-v1,
o011-modular-backend,1,o011-term-0005,term,Hyperfläche,,,,,,,,,Indonesian,id-ID,translated,,active,2026-08-21T17:24:54Z,o011-export-backend-v1,
o011-modular-backend,1,o011-term-0006,term,Tangentialraum,,,,,,,,,Indonesian,id-ID,translated,,active,2026-08-21T17:24:54Z,o011-export-backend-v1,
o011-modular-backend,1,o011-term-0007,term,Kotangentialraum,,,,,,,,,Indonesian,id-ID,translated,,active,2026-08-21T17:24:54Z,o011-export-backend-v1,
o011-modular-backend,1,o011-term-0008,term,Faser,,,,,,,,,Indonesian,id-ID,translated,,active,2026-08-21T17:24:54Z,o011-export-backend-v1,
o011-modular-backend,1,o011-term-0009,term,Differentialform,,,,,,,,,Indonesian,id-ID,translated,,active,2026-08-21T17:24:54Z,o011-export-backend-v1,
o011-modular-backend,1,o011-term-0010,term,äußere Ableitung,,,,,,,,,Indonesian,id-ID,translated,,active,2026-08-21T17:24:54Z,o011-export-backend-v1,
o011-modular-backend,1,o011-term-0011,term,Zusammenhang,,,,,,,,,Indonesian,id-ID,translated,,active,2026-08-21T17:24:54Z,o011-export-backend-v1,
o011-modular-backend,1,o011-term-0012,term,Levi-Civita-Zusammenhang,,,,,,,,,Indonesian,id-ID,translated,,active,2026-08-21T17:24:54Z,o011-export-backend-v1,
o011-modular-backend,1,o011-term-0013,term,geodätische Kurve,,,,,,,,,Indonesian,id-ID,translated,,active,2026-08-21T17:24:54Z,o011-export-backend-v1,
o011-modular-backend,1,o011-term-0014,term,Schnittkrümmung,,,,,,,,,Indonesian,id-ID,translated,,active,2026-08-21T17:24:54Z,o011-export-backend-v1,
o011-modular-backend,1,o011-term-0015,term,Satz von Stokes,,,,,,,,,Indonesian,id-ID,translated,,active,2026-08-21T17:24:54Z,o011-export-backend-v1,
o011-modular-backend,1,o011-term-0016,term,Partition der Eins,,,,,,,,,Indonesian,id-ID,translated,,active,2026-08-21T17:24:54Z,o011-export-backend-v1,
o011-modular-backend,1,o011-term-0017,term,Weingartenabbildung,,,,,,,,,Indonesian,id-ID,translated,,active,2026-08-21T17:24:54Z,o011-export-backend-v1,
o011-modular-backend,1,o011-term-0018,term,Normalenfeld,,,,,,,,,Indonesian,id-ID,translated,,active,2026-08-21T17:24:54Z,o011-export-backend-v1,
o011-modular-backend,1,o011-artifact-through-unit03-pdf,artifact,,o011-brenner-u03,,output/pdf/geometri-diferensial-manifold-mulus-hingga-unit-03-id.pdf,,,,,aee7f335c8d8110feb7b70448c70680a30700285131d5a1b4e4aeb2f2d04b46a,Indonesian,id-ID,visually_checked,,active,2026-08-22T06:03:04Z,o011-export-backend-v3,
o011-modular-backend,1,o011-artifact-u03-l03-tex,artifact,,o011-brenner-u03-l03,,source/units/unit-03/lecture03.id.tex,,,,c6fa222d45a2abaaa121fabbf68a76ab478d9ede7dd14f370d8e58d40887c25a,769ec3b7e72159509ede182469711ce4093027de27096d5d256b88a6e7f32c16,Indonesian,id-ID,visually_checked,o011-rights-brenner-text,active,2026-08-22T06:03:04Z,o011-export-backend-v3,
o011-modular-backend,1,o011-artifact-u03-w03-e007-solution-tex,artifact,,o011-brenner-u03-w03-e007-solution,,source/units/unit-03/worksheet03_exercise07_solution.id.tex,,,,7e3437274bf4f79b6a3fa719876b09fdbcee4e10523a215e9e6f4ecb566cdb85,e1ec57974437f39f778c9eadc26f3cd565cfe69e3f88980d644b2df93552bb36,Indonesian,id-ID,visually_checked,o011-rights-brenner-text,active,2026-08-22T06:03:04Z,o011-export-backend-v3,
o011-modular-backend,1,o011-artifact-u03-w03-e016-solution-tex,artifact,,o011-brenner-u03-w03-e016-solution,,source/units/unit-03/worksheet03_exercise16_solution.id.tex,,,,ed49f1889840b8352f634ef01400301849f8303ec27a2a38b334b744ae5e5951,738506177ab79f47321e5e6e83b110bfae887161477abda8145dc7ff52c2ebf3,Indonesian,id-ID,visually_checked,o011-rights-brenner-text,active,2026-08-22T06:03:04Z,o011-export-backend-v3,
o011-modular-backend,1,o011-artifact-u03-w03-tex,artifact,,o011-brenner-u03-w03,,source/units/unit-03/worksheet03.id.tex,,,,8dded699ee9337ebdc4cb76a9373fb8e2f6a5df94c6048c3deaaaeaccb88bac7,89b05cf8280045703c64e8a0d3540883196f6569f2c9e24f630a6b00ee703474,Indonesian,id-ID,visually_checked,o011-rights-brenner-text,active,2026-08-22T06:03:04Z,o011-export-backend-v3,
o011-modular-backend,1,o011-asset-file-euler-spiral-svg,asset,File:Euler spiral.svg,o011-brenner-u03,2,authority/media/Euler spiral.svg,,,https://commons.wikimedia.org/wiki/File:Euler_spiral.svg,886d55edfa0fa21ac992ede928cfec4f816742a16b29709ea093113b29e410b9,,,,,o011-rights-media-u03-02,active,2026-08-22T06:03:04Z,o011-export-backend-v3,
o011-modular-backend,1,o011-asset-file-evolute-parab-svg,asset,File:Evolute-parab.svg,o011-brenner-u03,3,authority/media/Evolute-parab.svg,,,https://commons.wikimedia.org/wiki/File:Evolute-parab.svg,851a909594c64be31477e391ea9b45e890305ea62e32e29a1d04bc66cf497db1,,,,,o011-rights-media-u03-03,active,2026-08-22T06:03:04Z,o011-export-backend-v3,
o011-modular-backend,1,o011-asset-file-parabola-circle-svg,asset,File:Parabola circle.svg,o011-brenner-u03,1,authority/media/Parabola circle.svg,,,https://commons.wikimedia.org/wiki/File:Parabola_circle.svg,186a981781924575a5e517d83d8ab5bfb829125d0a86edc664a41a589bcfca83,,,,,o011-rights-media-u03-01,active,2026-08-22T06:03:04Z,o011-export-backend-v3,
o011-modular-backend,1,o011-brenner-u03,unit,Vorlesung 3 + Arbeitsblatt 3,o011-course-d50,3,source/units/unit-03,o011-resource-brenner-dg2023,o011-edition-brenner-current-20260821,,,,Indonesian,id-ID,visually_checked,o011-rights-brenner-text,active,2026-08-22T06:03:04Z,o011-export-backend-v3,
o011-modular-backend,1,o011-brenner-u03-l03,unit,pageid:142547/revid:1020016,o011-brenner-u03,1,source/units/unit-03/lecture03.id.tex,o011-resource-brenner-dg2023,o011-edition-brenner-current-20260821,Kurs:Differentialgeometrie (Osnabrück 2023)/Vorlesung 3,c6fa222d45a2abaaa121fabbf68a76ab478d9ede7dd14f370d8e58d40887c25a,769ec3b7e72159509ede182469711ce4093027de27096d5d256b88a6e7f32c16,Indonesian,id-ID,visually_checked,o011-rights-brenner-text,active,2026-08-22T06:03:04Z,o011-export-backend-v3,
o011-modular-backend,1,o011-brenner-u03-l03-s01,segment,lecture03:section:1,o011-brenner-u03-l03,1,source/units/unit-03/lecture03.id.tex#section-1,o011-resource-brenner-dg2023,o011-edition-brenner-current-20260821,Kurs:Differentialgeometrie (Osnabrück 2023)/Vorlesung 3#section-1,00ba83d2e8ddbe530d138d0531b63ec07faae08dbb775e8d90944350ae36996a,81980206be432ab8eed641424aba615fa9ccd99da443e2f9d214b67419de18e5,Indonesian,id-ID,visually_checked,o011-rights-brenner-text,active,2026-08-22T06:03:04Z,o011-export-backend-v3,
o011-modular-backend,1,o011-brenner-u03-l03-s02,segment,lecture03:section:2,o011-brenner-u03-l03,2,source/units/unit-03/lecture03.id.tex#section-2,o011-resource-brenner-dg2023,o011-edition-brenner-current-20260821,Kurs:Differentialgeometrie (Osnabrück 2023)/Vorlesung 3#section-2,2e9a8511de5810aa28798ee8b5abcdcd712acc8f602a1ca434bd3e8b4ca6ac1e,44f1ba8b689652a1bd1d09ee823c07f14a95651eeebdfb5f949d2c7f13e3815d,Indonesian,id-ID,visually_checked,o011-rights-brenner-text,active,2026-08-22T06:03:04Z,o011-export-backend-v3,
o011-modular-backend,1,o011-brenner-u03-w03,unit,pageid:142637/revid:894109,o011-brenner-u03,2,source/units/unit-03/worksheet03.id.tex,o011-resource-brenner-dg2023,o011-edition-brenner-current-20260821,Kurs:Differentialgeometrie (Osnabrück 2023)/Arbeitsblatt 3,8dded699ee9337ebdc4cb76a9373fb8e2f6a5df94c6048c3deaaaeaccb88bac7,89b05cf8280045703c64e8a0d3540883196f6569f2c9e24f630a6b00ee703474,Indonesian,id-ID,visually_checked,o011-rights-brenner-text,active,2026-08-22T06:03:04Z,o011-export-backend-v3,
o011-modular-backend,1,o011-brenner-u03-w03-e001,unit,worksheet03:exercise:1,o011-brenner-u03-w03,1,source/units/unit-03/worksheet03.id.tex#exercise-1,o011-resource-brenner-dg2023,o011-edition-brenner-current-20260821,Kurs:Differentialgeometrie (Osnabrück 2023)/Arbeitsblatt 3#exercise-1,24a20fd8e27b5861c9834d5cff1dabcaf0554279c177b0d54dd8d5e5f90a67c6,d5e6cb0448dd1cbb147e60cdade8110b03cafbe80ea09f9fd74496167d53bf81,Indonesian,id-ID,visually_checked,o011-rights-brenner-text,active,2026-08-22T06:03:04Z,o011-export-backend-v3,
o011-modular-backend,1,o011-brenner-u03-w03-e002,unit,worksheet03:exercise:2,o011-brenner-u03-w03,2,source/units/unit-03/worksheet03.id.tex#exercise-2,o011-resource-brenner-dg2023,o011-edition-brenner-current-20260821,Kurs:Differentialgeometrie (Osnabrück 2023)/Arbeitsblatt 3#exercise-2,e045bf30916459f727087065f9a15f2b4cd30b198f13c3e34de5f6ac6054f3bf,62ad1e6782a5e5e04fb34f62393ef2fe6d3f216d79413cdbec4feeac66ae03aa,Indonesian,id-ID,visually_checked,o011-rights-brenner-text,active,2026-08-22T06:03:04Z,o011-export-backend-v3,
o011-modular-backend,1,o011-brenner-u03-w03-e003,unit,worksheet03:exercise:3,o011-brenner-u03-w03,3,source/units/unit-03/worksheet03.id.tex#exercise-3,o011-resource-brenner-dg2023,o011-edition-brenner-current-20260821,Kurs:Differentialgeometrie (Osnabrück 2023)/Arbeitsblatt 3#exercise-3,5edac10c54acccffbed8d42d5fda5dc3038cc9e2fe821f700673d070b29aef14,00749b7bcace13f4cc24615dd8a696d7326b90d044b16c26c70eeb2cb7f372cf,Indonesian,id-ID,visually_checked,o011-rights-brenner-text,active,2026-08-22T06:03:04Z,o011-export-backend-v3,
o011-modular-backend,1,o011-brenner-u03-w03-e004,unit,worksheet03:exercise:4,o011-brenner-u03-w03,4,source/units/unit-03/worksheet03.id.tex#exercise-4,o011-resource-brenner-dg2023,o011-edition-brenner-current-20260821,Kurs:Differentialgeometrie (Osnabrück 2023)/Arbeitsblatt 3#exercise-4,818ce50837de5ee73b77efdb883fa4959508a968167495561ce50cf470acf495,49325e262c59e2ff10d9a926e0cfb5c2159334d7a495fb22167f0bf7c78c45cc,Indonesian,id-ID,visually_checked,o011-rights-brenner-text,active,2026-08-22T06:03:04Z,o011-export-backend-v3,
o011-modular-backend,1,o011-brenner-u03-w03-e005,unit,worksheet03:exercise:5,o011-brenner-u03-w03,5,source/units/unit-03/worksheet03.id.tex#exercise-5,o011-resource-brenner-dg2023,o011-edition-brenner-current-20260821,Kurs:Differentialgeometrie (Osnabrück 2023)/Arbeitsblatt 3#exercise-5,b17338d6905259b501a4e0e4a39a8cb57b43833f32bd08f5afa4ba589f7a7d6b,a29a88f1e4f64c1f2cf6dbae7cae1e4447f0c6b50ce33271438a21704022d3d6,Indonesian,id-ID,visually_checked,o011-rights-brenner-text,active,2026-08-22T06:03:04Z,o011-export-backend-v3,
o011-modular-backend,1,o011-brenner-u03-w03-e006,unit,worksheet03:exercise:6,o011-brenner-u03-w03,6,source/units/unit-03/worksheet03.id.tex#exercise-6,o011-resource-brenner-dg2023,o011-edition-brenner-current-20260821,Kurs:Differentialgeometrie (Osnabrück 2023)/Arbeitsblatt 3#exercise-6,f4c1ad92f04d75893644afef9ca7ac4a2966aab69d9167b5929fc46e2026da69,2bb63105550ae3755fad620be1702524924c6a72b36b1a4cf86c8a53f2e09a29,Indonesian,id-ID,visually_checked,o011-rights-brenner-text,active,2026-08-22T06:03:04Z,o011-export-backend-v3,
o011-modular-backend,1,o011-brenner-u03-w03-e007,unit,worksheet03:exercise:7,o011-brenner-u03-w03,7,source/units/unit-03/worksheet03.id.tex#exercise-7,o011-resource-brenner-dg2023,o011-edition-brenner-current-20260821,Kurs:Differentialgeometrie (Osnabrück 2023)/Arbeitsblatt 3#exercise-7,774b5ed03b40e77a7f233ae9898d2dc28f231ec7948948ee02e78a701802398f,9c7559f6d116f5d7589d3dca257b7fc62ba6d4388eb2fef48b9b1a495635be23,Indonesian,id-ID,visually_checked,o011-rights-brenner-text,active,2026-08-22T06:03:04Z,o011-export-backend-v3,
o011-modular-backend,1,o011-brenner-u03-w03-e007-solution,unit,pageid:151168/revid:1095913,o011-brenner-u03-w03-e007,1,source/units/unit-03/worksheet03_exercise07_solution.id.tex,o011-resource-brenner-dg2023,o011-edition-brenner-current-20260821,Einheitskreis/Konstante Geschwindigkeit/Kreis mit gleicher bis zweiten Ableitung/Aufgabe/Lösung,7e3437274bf4f79b6a3fa719876b09fdbcee4e10523a215e9e6f4ecb566cdb85,e1ec57974437f39f778c9eadc26f3cd565cfe69e3f88980d644b2df93552bb36,Indonesian,id-ID,visually_checked,o011-rights-brenner-text,active,2026-08-22T06:03:04Z,o011-export-backend-v3,
o011-modular-backend,1,o011-brenner-u03-w03-e008,unit,worksheet03:exercise:8,o011-brenner-u03-w03,8,source/units/unit-03/worksheet03.id.tex#exercise-8,o011-resource-brenner-dg2023,o011-edition-brenner-current-20260821,Kurs:Differentialgeometrie (Osnabrück 2023)/Arbeitsblatt 3#exercise-8,30aa89df98cab3c206a0c098e7ce835b00f2f6289ee839f21cdb309b4c69d44a,b25cf5ea0df2587c221fa7ece7df829484d5ef5ba6015d8aea8484ac84316562,Indonesian,id-ID,visually_checked,o011-rights-brenner-text,active,2026-08-22T06:03:04Z,o011-export-backend-v3,
o011-modular-backend,1,o011-brenner-u03-w03-e009,unit,worksheet03:exercise:9,o011-brenner-u03-w03,9,source/units/unit-03/worksheet03.id.tex#exercise-9,o011-resource-brenner-dg2023,o011-edition-brenner-current-20260821,Kurs:Differentialgeometrie (Osnabrück 2023)/Arbeitsblatt 3#exercise-9,275befaea74274c30d34310225673627448a7f8dffdeda7955dad29241890641,b4ef612e4fcb4e95343575150db8a6f9ee8a3a4b04ff90646b1b83e788ccba9f,Indonesian,id-ID,visually_checked,o011-rights-brenner-text,active,2026-08-22T06:03:04Z,o011-export-backend-v3,
o011-modular-backend,1,o011-brenner-u03-w03-e010,unit,worksheet03:exercise:10,o011-brenner-u03-w03,10,source/units/unit-03/worksheet03.id.tex#exercise-10,o011-resource-brenner-dg2023,o011-edition-brenner-current-20260821,Kurs:Differentialgeometrie (Osnabrück 2023)/Arbeitsblatt 3#exercise-10,0d4ac1aa3ca16fb52b66f608850190ede7f20f920c981cc6bc58a3abc981172f,106bb25f37d8286c3ec131bd8eb60a7c7a8c2a30c10b90a4277b4a1e13e198f9,Indonesian,id-ID,visually_checked,o011-rights-brenner-text,active,2026-08-22T06:03:04Z,o011-export-backend-v3,
o011-modular-backend,1,o011-brenner-u03-w03-e011,unit,worksheet03:exercise:11,o011-brenner-u03-w03,11,source/units/unit-03/worksheet03.id.tex#exercise-11,o011-resource-brenner-dg2023,o011-edition-brenner-current-20260821,Kurs:Differentialgeometrie (Osnabrück 2023)/Arbeitsblatt 3#exercise-11,661bc607302de4c3392769fbb2b34fc0e780c3584ef0bf84ab9fa4a7e363f34d,890ea246315a9cffe35971ff8f0796983129e1f615acfadd4fdaf517f6abe987,Indonesian,id-ID,visually_checked,o011-rights-brenner-text,active,2026-08-22T06:03:04Z,o011-export-backend-v3,
o011-modular-backend,1,o011-brenner-u03-w03-e012,unit,worksheet03:exercise:12,o011-brenner-u03-w03,12,source/units/unit-03/worksheet03.id.tex#exercise-12,o011-resource-brenner-dg2023,o011-edition-brenner-current-20260821,Kurs:Differentialgeometrie (Osnabrück 2023)/Arbeitsblatt 3#exercise-12,280a729e54850f2052376a99ae0d337ebf135a9687bd7fca29630821beb6ee0b,d2763190fa1f2096abbc7b1ea717d00722dc6acf50ed6e765d8338f440d21f9a,Indonesian,id-ID,visually_checked,o011-rights-brenner-text,active,2026-08-22T06:03:04Z,o011-export-backend-v3,
o011-modular-backend,1,o011-brenner-u03-w03-e013,unit,worksheet03:exercise:13,o011-brenner-u03-w03,13,source/units/unit-03/worksheet03.id.tex#exercise-13,o011-resource-brenner-dg2023,o011-edition-brenner-current-20260821,Kurs:Differentialgeometrie (Osnabrück 2023)/Arbeitsblatt 3#exercise-13,bc0ebb5a10e32aed26b44b65831fbac7dda2f9f0a9968ca34a3072707eb88da7,077d7377d7a24f4e9d3747e5c572b3274addc05c3993d75b135c12bab8755f7a,Indonesian,id-ID,visually_checked,o011-rights-brenner-text,active,2026-08-22T06:03:04Z,o011-export-backend-v3,
o011-modular-backend,1,o011-brenner-u03-w03-e014,unit,worksheet03:exercise:14,o011-brenner-u03-w03,14,source/units/unit-03/worksheet03.id.tex#exercise-14,o011-resource-brenner-dg2023,o011-edition-brenner-current-20260821,Kurs:Differentialgeometrie (Osnabrück 2023)/Arbeitsblatt 3#exercise-14,cfb97b4cc6664918b46cb0c479e2a6678a52d5dc6f854875f23b5b79c996e387,e3b4e63569b108d6480538b5c5d7d6281c28ab2000e642215fbde30f74595135,Indonesian,id-ID,visually_checked,o011-rights-brenner-text,active,2026-08-22T06:03:04Z,o011-export-backend-v3,
o011-modular-backend,1,o011-brenner-u03-w03-e015,unit,worksheet03:exercise:15,o011-brenner-u03-w03,15,source/units/unit-03/worksheet03.id.tex#exercise-15,o011-resource-brenner-dg2023,o011-edition-brenner-current-20260821,Kurs:Differentialgeometrie (Osnabrück 2023)/Arbeitsblatt 3#exercise-15,b18aff8b6087803df84fbc9f9e76050a4ea6de4ed73ba4ccfb57cf5a4f5c1502,ad6543b3cdbadcb92a28b6ce243f3803cd9830e9462c333f7316b363a73c5532,Indonesian,id-ID,visually_checked,o011-rights-brenner-text,active,2026-08-22T06:03:04Z,o011-export-backend-v3,
o011-modular-backend,1,o011-brenner-u03-w03-e016,unit,worksheet03:exercise:16,o011-brenner-u03-w03,16,source/units/unit-03/worksheet03.id.tex#exercise-16,o011-resource-brenner-dg2023,o011-edition-brenner-current-20260821,Kurs:Differentialgeometrie (Osnabrück 2023)/Arbeitsblatt 3#exercise-16,b09429e9944c27f06ee83069864ac8635e9baf535cc2b22a3422761617814ac7,59c00e49112790f2c6c6c76fbce28402851fc2067ad92df16d71eb8feae651bc,Indonesian,id-ID,visually_checked,o011-rights-brenner-text,active,2026-08-22T06:03:04Z,o011-export-backend-v3,
o011-modular-backend,1,o011-brenner-u03-w03-e016-solution,unit,pageid:151178/revid:1095920,o011-brenner-u03-w03-e016,1,source/units/unit-03/worksheet03_exercise16_solution.id.tex,o011-resource-brenner-dg2023,o011-edition-brenner-current-20260821,Impliziter Einheitskreis/Krümmung/Aufgabe/Lösung,ed49f1889840b8352f634ef01400301849f8303ec27a2a38b334b744ae5e5951,738506177ab79f47321e5e6e83b110bfae887161477abda8145dc7ff52c2ebf3,Indonesian,id-ID,visually_checked,o011-rights-brenner-text,active,2026-08-22T06:03:04Z,o011-export-backend-v3,
o011-modular-backend,1,o011-brenner-u03-w03-e017,unit,worksheet03:exercise:17,o011-brenner-u03-w03,17,source/units/unit-03/worksheet03.id.tex#exercise-17,o011-resource-brenner-dg2023,o011-edition-brenner-current-20260821,Kurs:Differentialgeometrie (Osnabrück 2023)/Arbeitsblatt 3#exercise-17,c51ae2900358d1b3789714873383a38e414e3a2d9d89d9058bc125fc2dd5977c,7aecb14ecc737a9529caea98053d090b0485cb5f7fb693d1615f387595b5460c,Indonesian,id-ID,visually_checked,o011-rights-brenner-text,active,2026-08-22T06:03:04Z,o011-export-backend-v3,
o011-modular-backend,1,o011-brenner-u03-w03-e018,unit,worksheet03:exercise:18,o011-brenner-u03-w03,18,source/units/unit-03/worksheet03.id.tex#exercise-18,o011-resource-brenner-dg2023,o011-edition-brenner-current-20260821,Kurs:Differentialgeometrie (Osnabrück 2023)/Arbeitsblatt 3#exercise-18,8a5336af4943e92e8393ddbe04cdc3be9834a25beaa03f1fda193e76ca47532b,46a5038f86ef18bce45d91681b569b9541f2352db2ec15ee9f46a31511589250,Indonesian,id-ID,visually_checked,o011-rights-brenner-text,active,2026-08-22T06:03:04Z,o011-export-backend-v3,
o011-modular-backend,1,o011-brenner-u03-w03-e019,unit,worksheet03:exercise:19,o011-brenner-u03-w03,19,source/units/unit-03/worksheet03.id.tex#exercise-19,o011-resource-brenner-dg2023,o011-edition-brenner-current-20260821,Kurs:Differentialgeometrie (Osnabrück 2023)/Arbeitsblatt 3#exercise-19,17395d777d2d8c474cd1e7a4f13d913075b37f3eb7543aca2bcd1e6c46052ebe,55abf05771846fec1f0ccf0d54049746bd5e8874ad808ce76719de05ee558a79,Indonesian,id-ID,visually_checked,o011-rights-brenner-text,active,2026-08-22T06:03:04Z,o011-export-backend-v3,
o011-modular-backend,1,o011-brenner-u03-w03-e020,unit,worksheet03:exercise:20,o011-brenner-u03-w03,20,source/units/unit-03/worksheet03.id.tex#exercise-20,o011-resource-brenner-dg2023,o011-edition-brenner-current-20260821,Kurs:Differentialgeometrie (Osnabrück 2023)/Arbeitsblatt 3#exercise-20,4eaa2116239812e67f6dee1d61c6d2493a4eab99bc9a9810cb26b331bb3a723b,13c4909140596dd20136ac1be13512fcf2877caaeaea2764b5dbbd8256574302,Indonesian,id-ID,visually_checked,o011-rights-brenner-text,active,2026-08-22T06:03:04Z,o011-export-backend-v3,
o011-modular-backend,1,o011-brenner-u03-w03-e021,unit,worksheet03:exercise:21,o011-brenner-u03-w03,21,source/units/unit-03/worksheet03.id.tex#exercise-21,o011-resource-brenner-dg2023,o011-edition-brenner-current-20260821,Kurs:Differentialgeometrie (Osnabrück 2023)/Arbeitsblatt 3#exercise-21,174673a6fe58e60ca17250a12216f2202df2c0896548b17b7d9eee146d948172,afcb92e3f764e61b42c76ab8b3a2fe7489d6b0fa3a5931912181263858e648e2,Indonesian,id-ID,visually_checked,o011-rights-brenner-text,active,2026-08-22T06:03:04Z,o011-export-backend-v3,
o011-modular-backend,1,o011-concept-arc-length-parametrization,concept,Bogenparametrisierung,o011-course-d50,,,,,,,,,,,,active,2026-08-22T06:03:04Z,o011-export-backend-v3,
o011-modular-backend,1,o011-concept-curvature-circle,concept,Krümmungskreis,o011-course-d50,,,,,,,,,,,,active,2026-08-22T06:03:04Z,o011-export-backend-v3,
o011-modular-backend,1,o011-concept-evolute,concept,Evolute,o011-course-d50,,,,,,,,,,,,active,2026-08-22T06:03:04Z,o011-export-backend-v3,
o011-modular-backend,1,o011-concept-general-curve-curvature,concept,Krümmung allgemeiner Kurven,o011-course-d50,,,,,,,,,,,,active,2026-08-22T06:03:04Z,o011-export-backend-v3,
o011-modular-backend,1,o011-concept-planar-signed-curvature,concept,Krümmung,o011-course-d50,,,,,,,,,,,,active,2026-08-22T06:03:04Z,o011-export-backend-v3,
o011-modular-backend,1,o011-corr-0028,correction,worksheet03:exercise09-clothoid-scale,,,,,,,,,,,,,active,2026-08-22T06:03:04Z,o011-export-backend-v3,
o011-modular-backend,1,o011-corr-0029,correction,worksheet03:exercise11-regularity,,,,,,,,,,,,,active,2026-08-22T06:03:04Z,o011-export-backend-v3,
o011-modular-backend,1,o011-corr-0030,correction,lecture03:zero-curvature-sign-case,,,,,,,,,,,,,active,2026-08-22T06:03:04Z,o011-export-backend-v3,
o011-modular-backend,1,o011-corr-0031,correction,lecture03:evolute-domain,,,,,,,,,,,,,active,2026-08-22T06:03:04Z,o011-export-backend-v3,
o011-modular-backend,1,o011-corr-0032,correction,lecture03:reparameterization-orientation,,,,,,,,,,,,,active,2026-08-22T06:03:04Z,o011-export-backend-v3,
o011-modular-backend,1,o011-corr-0033,correction,lecture03:pointwise-signed-curvature-orientation,,,,,,,,,,,,,active,2026-08-22T06:03:04Z,o011-export-backend-v3,
o011-modular-backend,1,o011-corr-0034,correction,lecture03:zero-vector-orientation,,,,,,,,,,,,,active,2026-08-22T06:03:04Z,o011-export-backend-v3,
o011-modular-backend,1,o011-corr-0035,correction,lecture03:display-punctuation,,,,,,,,,,,,,active,2026-08-22T06:03:04Z,o011-export-backend-v3,
o011-modular-backend,1,o011-corr-0036,correction,worksheet03:display-punctuation,,,,,,,,,,,,,active,2026-08-22T06:03:04Z,o011-export-backend-v3,
o011-modular-backend,1,o011-corr-0037,correction,worksheet03:exercise07-solution-punctuation,,,,,,,,,,,,,active,2026-08-22T06:03:04Z,o011-export-backend-v3,
o011-modular-backend,1,o011-qa-through-unit03-pdf-reproducibility,qa_event,,o011-brenner-u03,,,,,,,aee7f335c8d8110feb7b70448c70680a30700285131d5a1b4e4aeb2f2d04b46a,Indonesian,id-ID,built,,active,2026-08-22T06:03:04Z,o011-export-backend-v3,
o011-modular-backend,1,o011-qa-through-unit03-pdf-structural,qa_event,,o011-brenner-u03,,,,,,,aee7f335c8d8110feb7b70448c70680a30700285131d5a1b4e4aeb2f2d04b46a,Indonesian,id-ID,visually_checked,,active,2026-08-22T06:03:04Z,o011-export-backend-v3,
o011-modular-backend,1,o011-qa-through-unit03-pdf-visual,qa_event,,o011-brenner-u03,,,,,,,aee7f335c8d8110feb7b70448c70680a30700285131d5a1b4e4aeb2f2d04b46a,Indonesian,id-ID,visually_checked,,active,2026-08-22T06:03:04Z,o011-export-backend-v3,
o011-modular-backend,1,o011-qa-unit03-authority-preflight,qa_event,,o011-brenner-u03,,,,,,,,,,source_frozen,,active,2026-08-22T06:03:04Z,o011-export-backend-v3,
o011-modular-backend,1,o011-qa-unit03-authority-verification,qa_event,,o011-brenner-u03,,,,,,,,,,source_frozen,,active,2026-08-22T06:03:04Z,o011-export-backend-v3,
o011-modular-backend,1,o011-qa-unit03-final-math-audit,qa_event,,o011-brenner-u03,,,,,,,aee7f335c8d8110feb7b70448c70680a30700285131d5a1b4e4aeb2f2d04b46a,Indonesian,id-ID,visually_checked,,active,2026-08-22T06:03:04Z,o011-export-backend-v3,
o011-modular-backend,1,o011-qa-unit03-lecture-translation,qa_event,,o011-brenner-u03,,,,,,c6fa222d45a2abaaa121fabbf68a76ab478d9ede7dd14f370d8e58d40887c25a,769ec3b7e72159509ede182469711ce4093027de27096d5d256b88a6e7f32c16,Indonesian,id-ID,visually_checked,,active,2026-08-22T06:03:04Z,o011-export-backend-v3,
o011-modular-backend,1,o011-qa-unit03-media-closure,qa_event,,o011-brenner-u03,,,,,,,,Indonesian,id-ID,structurally_verified,,active,2026-08-22T06:03:04Z,o011-export-backend-v3,
o011-modular-backend,1,o011-qa-unit03-solution07-translation,qa_event,,o011-brenner-u03,,,,,,7e3437274bf4f79b6a3fa719876b09fdbcee4e10523a215e9e6f4ecb566cdb85,e1ec57974437f39f778c9eadc26f3cd565cfe69e3f88980d644b2df93552bb36,Indonesian,id-ID,visually_checked,,active,2026-08-22T06:03:04Z,o011-export-backend-v3,
o011-modular-backend,1,o011-qa-unit03-solution16-translation,qa_event,,o011-brenner-u03,,,,,,ed49f1889840b8352f634ef01400301849f8303ec27a2a38b334b744ae5e5951,738506177ab79f47321e5e6e83b110bfae887161477abda8145dc7ff52c2ebf3,Indonesian,id-ID,visually_checked,,active,2026-08-22T06:03:04Z,o011-export-backend-v3,
o011-modular-backend,1,o011-qa-unit03-worksheet-translation,qa_event,,o011-brenner-u03,,,,,,8dded699ee9337ebdc4cb76a9373fb8e2f6a5df94c6048c3deaaaeaccb88bac7,89b05cf8280045703c64e8a0d3540883196f6569f2c9e24f630a6b00ee703474,Indonesian,id-ID,visually_checked,,active,2026-08-22T06:03:04Z,o011-export-backend-v3,
o011-modular-backend,1,o011-rel-artifact-through-unit03-pdf-represents-u03-checkpoint,relation,,,,,,,,,,,,,,active,2026-08-22T06:03:04Z,o011-export-backend-v3,
o011-modular-backend,1,o011-rel-artifact-u03-l03-tex-represents-brenner-u03-l03,relation,,,,,,,,,,,,,,active,2026-08-22T06:03:04Z,o011-export-backend-v3,
o011-modular-backend,1,o011-rel-artifact-u03-w03-e007-solution-tex-represents-brenner-u03-w03-e007-solution,relation,,,,,,,,,,,,,,active,2026-08-22T06:03:04Z,o011-export-backend-v3,
o011-modular-backend,1,o011-rel-artifact-u03-w03-e016-solution-tex-represents-brenner-u03-w03-e016-solution,relation,,,,,,,,,,,,,,active,2026-08-22T06:03:04Z,o011-export-backend-v3,
o011-modular-backend,1,o011-rel-artifact-u03-w03-tex-represents-brenner-u03-w03,relation,,,,,,,,,,,,,,active,2026-08-22T06:03:04Z,o011-export-backend-v3,
o011-modular-backend,1,o011-rel-contains-artifact-through-unit03-pdf,relation,,,,,,,,,,,,,,active,2026-08-22T06:03:04Z,o011-export-backend-v3,
o011-modular-backend,1,o011-rel-contains-artifact-u03-l03-tex,relation,,,,,,,,,,,,,,active,2026-08-22T06:03:04Z,o011-export-backend-v3,
o011-modular-backend,1,o011-rel-contains-artifact-u03-w03-e007-solution-tex,relation,,,,,,,,,,,,,,active,2026-08-22T06:03:04Z,o011-export-backend-v3,
o011-modular-backend,1,o011-rel-contains-artifact-u03-w03-e016-solution-tex,relation,,,,,,,,,,,,,,active,2026-08-22T06:03:04Z,o011-export-backend-v3,
o011-modular-backend,1,o011-rel-contains-artifact-u03-w03-tex,relation,,,,,,,,,,,,,,active,2026-08-22T06:03:04Z,o011-export-backend-v3,
o011-modular-backend,1,o011-rel-contains-asset-file-euler-spiral-svg,relation,,,,,,,,,,,,,,active,2026-08-22T06:03:04Z,o011-export-backend-v3,
o011-modular-backend,1,o011-rel-contains-asset-file-evolute-parab-svg,relation,,,,,,,,,,,,,,active,2026-08-22T06:03:04Z,o011-export-backend-v3,
o011-modular-backend,1,o011-rel-contains-asset-file-parabola-circle-svg,relation,,,,,,,,,,,,,,active,2026-08-22T06:03:04Z,o011-export-backend-v3,
o011-modular-backend,1,o011-rel-contains-brenner-u03,relation,,,,,,,,,,,,,,active,2026-08-22T06:03:04Z,o011-export-backend-v3,
o011-modular-backend,1,o011-rel-contains-brenner-u03-l03,relation,,,,,,,,,,,,,,active,2026-08-22T06:03:04Z,o011-export-backend-v3,
o011-modular-backend,1,o011-rel-contains-brenner-u03-l03-s01,relation,,,,,,,,,,,,,,active,2026-08-22T06:03:04Z,o011-export-backend-v3,
o011-modular-backend,1,o011-rel-contains-brenner-u03-l03-s02,relation,,,,,,,,,,,,,,active,2026-08-22T06:03:04Z,o011-export-backend-v3,
o011-modular-backend,1,o011-rel-contains-brenner-u03-w03,relation,,,,,,,,,,,,,,active,2026-08-22T06:03:04Z,o011-export-backend-v3,
o011-modular-backend,1,o011-rel-contains-brenner-u03-w03-e001,relation,,,,,,,,,,,,,,active,2026-08-22T06:03:04Z,o011-export-backend-v3,
o011-modular-backend,1,o011-rel-contains-brenner-u03-w03-e002,relation,,,,,,,,,,,,,,active,2026-08-22T06:03:04Z,o011-export-backend-v3,
o011-modular-backend,1,o011-rel-contains-brenner-u03-w03-e003,relation,,,,,,,,,,,,,,active,2026-08-22T06:03:04Z,o011-export-backend-v3,
o011-modular-backend,1,o011-rel-contains-brenner-u03-w03-e004,relation,,,,,,,,,,,,,,active,2026-08-22T06:03:04Z,o011-export-backend-v3,
o011-modular-backend,1,o011-rel-contains-brenner-u03-w03-e005,relation,,,,,,,,,,,,,,active,2026-08-22T06:03:04Z,o011-export-backend-v3,
o011-modular-backend,1,o011-rel-contains-brenner-u03-w03-e006,relation,,,,,,,,,,,,,,active,2026-08-22T06:03:04Z,o011-export-backend-v3,
o011-modular-backend,1,o011-rel-contains-brenner-u03-w03-e007,relation,,,,,,,,,,,,,,active,2026-08-22T06:03:04Z,o011-export-backend-v3,
o011-modular-backend,1,o011-rel-contains-brenner-u03-w03-e007-solution,relation,,,,,,,,,,,,,,active,2026-08-22T06:03:04Z,o011-export-backend-v3,
o011-modular-backend,1,o011-rel-contains-brenner-u03-w03-e008,relation,,,,,,,,,,,,,,active,2026-08-22T06:03:04Z,o011-export-backend-v3,
o011-modular-backend,1,o011-rel-contains-brenner-u03-w03-e009,relation,,,,,,,,,,,,,,active,2026-08-22T06:03:04Z,o011-export-backend-v3,
o011-modular-backend,1,o011-rel-contains-brenner-u03-w03-e010,relation,,,,,,,,,,,,,,active,2026-08-22T06:03:04Z,o011-export-backend-v3,
o011-modular-backend,1,o011-rel-contains-brenner-u03-w03-e011,relation,,,,,,,,,,,,,,active,2026-08-22T06:03:04Z,o011-export-backend-v3,
o011-modular-backend,1,o011-rel-contains-brenner-u03-w03-e012,relation,,,,,,,,,,,,,,active,2026-08-22T06:03:04Z,o011-export-backend-v3,
o011-modular-backend,1,o011-rel-contains-brenner-u03-w03-e013,relation,,,,,,,,,,,,,,active,2026-08-22T06:03:04Z,o011-export-backend-v3,
o011-modular-backend,1,o011-rel-contains-brenner-u03-w03-e014,relation,,,,,,,,,,,,,,active,2026-08-22T06:03:04Z,o011-export-backend-v3,
o011-modular-backend,1,o011-rel-contains-brenner-u03-w03-e015,relation,,,,,,,,,,,,,,active,2026-08-22T06:03:04Z,o011-export-backend-v3,
o011-modular-backend,1,o011-rel-contains-brenner-u03-w03-e016,relation,,,,,,,,,,,,,,active,2026-08-22T06:03:04Z,o011-export-backend-v3,
o011-modular-backend,1,o011-rel-contains-brenner-u03-w03-e016-solution,relation,,,,,,,,,,,,,,active,2026-08-22T06:03:04Z,o011-export-backend-v3,
o011-modular-backend,1,o011-rel-contains-brenner-u03-w03-e017,relation,,,,,,,,,,,,,,active,2026-08-22T06:03:04Z,o011-export-backend-v3,
o011-modular-backend,1,o011-rel-contains-brenner-u03-w03-e018,relation,,,,,,,,,,,,,,active,2026-08-22T06:03:04Z,o011-export-backend-v3,
o011-modular-backend,1,o011-rel-contains-brenner-u03-w03-e019,relation,,,,,,,,,,,,,,active,2026-08-22T06:03:04Z,o011-export-backend-v3,
o011-modular-backend,1,o011-rel-contains-brenner-u03-w03-e020,relation,,,,,,,,,,,,,,active,2026-08-22T06:03:04Z,o011-export-backend-v3,
o011-modular-backend,1,o011-rel-contains-brenner-u03-w03-e021,relation,,,,,,,,,,,,,,active,2026-08-22T06:03:04Z,o011-export-backend-v3,
o011-modular-backend,1,o011-rel-contains-concept-arc-length-parametrization,relation,,,,,,,,,,,,,,active,2026-08-22T06:03:04Z,o011-export-backend-v3,
o011-modular-backend,1,o011-rel-contains-concept-curvature-circle,relation,,,,,,,,,,,,,,active,2026-08-22T06:03:04Z,o011-export-backend-v3,
o011-modular-backend,1,o011-rel-contains-concept-evolute,relation,,,,,,,,,,,,,,active,2026-08-22T06:03:04Z,o011-export-backend-v3,
o011-modular-backend,1,o011-rel-contains-concept-general-curve-curvature,relation,,,,,,,,,,,,,,active,2026-08-22T06:03:04Z,o011-export-backend-v3,
o011-modular-backend,1,o011-rel-contains-concept-planar-signed-curvature,relation,,,,,,,,,,,,,,active,2026-08-22T06:03:04Z,o011-export-backend-v3,
o011-modular-backend,1,o011-rel-contains-qa-through-unit03-pdf-reproducibility,relation,,,,,,,,,,,,,,active,2026-08-22T06:03:04Z,o011-export-backend-v3,
o011-modular-backend,1,o011-rel-contains-qa-through-unit03-pdf-structural,relation,,,,,,,,,,,,,,active,2026-08-22T06:03:04Z,o011-export-backend-v3,
o011-modular-backend,1,o011-rel-contains-qa-through-unit03-pdf-visual,relation,,,,,,,,,,,,,,active,2026-08-22T06:03:04Z,o011-export-backend-v3,
o011-modular-backend,1,o011-rel-contains-qa-unit03-authority-preflight,relation,,,,,,,,,,,,,,active,2026-08-22T06:03:04Z,o011-export-backend-v3,
o011-modular-backend,1,o011-rel-contains-qa-unit03-authority-verification,relation,,,,,,,,,,,,,,active,2026-08-22T06:03:04Z,o011-export-backend-v3,
o011-modular-backend,1,o011-rel-contains-qa-unit03-final-math-audit,relation,,,,,,,,,,,,,,active,2026-08-22T06:03:04Z,o011-export-backend-v3,
o011-modular-backend,1,o011-rel-contains-qa-unit03-lecture-translation,relation,,,,,,,,,,,,,,active,2026-08-22T06:03:04Z,o011-export-backend-v3,
o011-modular-backend,1,o011-rel-contains-qa-unit03-media-closure,relation,,,,,,,,,,,,,,active,2026-08-22T06:03:04Z,o011-export-backend-v3,
o011-modular-backend,1,o011-rel-contains-qa-unit03-solution07-translation,relation,,,,,,,,,,,,,,active,2026-08-22T06:03:04Z,o011-export-backend-v3,
o011-modular-backend,1,o011-rel-contains-qa-unit03-solution16-translation,relation,,,,,,,,,,,,,,active,2026-08-22T06:03:04Z,o011-export-backend-v3,
o011-modular-backend,1,o011-rel-contains-qa-unit03-worksheet-translation,relation,,,,,,,,,,,,,,active,2026-08-22T06:03:04Z,o011-export-backend-v3,
o011-modular-backend,1,o011-rel-contains-term-0028,relation,,,,,,,,,,,,,,active,2026-08-22T06:03:04Z,o011-export-backend-v3,
o011-modular-backend,1,o011-rel-contains-term-0029,relation,,,,,,,,,,,,,,active,2026-08-22T06:03:04Z,o011-export-backend-v3,
o011-modular-backend,1,o011-rel-contains-term-0048,relation,,,,,,,,,,,,,,active,2026-08-22T06:03:04Z,o011-export-backend-v3,
o011-modular-backend,1,o011-rel-contains-term-0049,relation,,,,,,,,,,,,,,active,2026-08-22T06:03:04Z,o011-export-backend-v3,
o011-modular-backend,1,o011-rel-contains-term-0050,relation,,,,,,,,,,,,,,active,2026-08-22T06:03:04Z,o011-export-backend-v3,
o011-modular-backend,1,o011-rel-contains-term-0052,relation,,,,,,,,,,,,,,active,2026-08-22T06:03:04Z,o011-export-backend-v3,
o011-modular-backend,1,o011-rel-contains-term-0053,relation,,,,,,,,,,,,,,active,2026-08-22T06:03:04Z,o011-export-backend-v3,
o011-modular-backend,1,o011-rel-contains-term-0054,relation,,,,,,,,,,,,,,active,2026-08-22T06:03:04Z,o011-export-backend-v3,
o011-modular-backend,1,o011-rel-contains-term-0055,relation,,,,,,,,,,,,,,active,2026-08-22T06:03:04Z,o011-export-backend-v3,
o011-modular-backend,1,o011-rel-contains-term-0056,relation,,,,,,,,,,,,,,active,2026-08-22T06:03:04Z,o011-export-backend-v3,
o011-modular-backend,1,o011-rel-contains-term-0057,relation,,,,,,,,,,,,,,active,2026-08-22T06:03:04Z,o011-export-backend-v3,
o011-modular-backend,1,o011-rel-contains-term-0058,relation,,,,,,,,,,,,,,active,2026-08-22T06:03:04Z,o011-export-backend-v3,
o011-modular-backend,1,o011-rel-contains-term-0059,relation,,,,,,,,,,,,,,active,2026-08-22T06:03:04Z,o011-export-backend-v3,
o011-modular-backend,1,o011-rel-contains-term-0060,relation,,,,,,,,,,,,,,active,2026-08-22T06:03:04Z,o011-export-backend-v3,
o011-modular-backend,1,o011-rel-contains-term-0061,relation,,,,,,,,,,,,,,active,2026-08-22T06:03:04Z,o011-export-backend-v3,
o011-modular-backend,1,o011-rel-contains-term-0062,relation,,,,,,,,,,,,,,active,2026-08-22T06:03:04Z,o011-export-backend-v3,
o011-modular-backend,1,o011-rel-contains-term-0063,relation,,,,,,,,,,,,,,active,2026-08-22T06:03:04Z,o011-export-backend-v3,
o011-modular-backend,1,o011-rel-contains-term-0065,relation,,,,,,,,,,,,,,active,2026-08-22T06:03:04Z,o011-export-backend-v3,
o011-modular-backend,1,o011-rel-contains-term-0066,relation,,,,,,,,,,,,,,active,2026-08-22T06:03:04Z,o011-export-backend-v3,
o011-modular-backend,1,o011-rel-contains-term-0077,relation,,,,,,,,,,,,,,active,2026-08-22T06:03:04Z,o011-export-backend-v3,
o011-modular-backend,1,o011-rel-corr-0028-corrects-brenner-u03-w03-e009,relation,,,,,,,,,,,,,,active,2026-08-22T06:03:04Z,o011-export-backend-v3,
o011-modular-backend,1,o011-rel-corr-0029-corrects-brenner-u03-w03-e011,relation,,,,,,,,,,,,,,active,2026-08-22T06:03:04Z,o011-export-backend-v3,
o011-modular-backend,1,o011-rel-corr-0030-corrects-brenner-u03-l03,relation,,,,,,,,,,,,,,active,2026-08-22T06:03:04Z,o011-export-backend-v3,
o011-modular-backend,1,o011-rel-corr-0031-corrects-brenner-u03-l03,relation,,,,,,,,,,,,,,active,2026-08-22T06:03:04Z,o011-export-backend-v3,
o011-modular-backend,1,o011-rel-corr-0032-corrects-brenner-u03-l03,relation,,,,,,,,,,,,,,active,2026-08-22T06:03:04Z,o011-export-backend-v3,
o011-modular-backend,1,o011-rel-corr-0033-corrects-brenner-u03-l03,relation,,,,,,,,,,,,,,active,2026-08-22T06:03:04Z,o011-export-backend-v3,
o011-modular-backend,1,o011-rel-corr-0034-corrects-brenner-u03-l03,relation,,,,,,,,,,,,,,active,2026-08-22T06:03:04Z,o011-export-backend-v3,
o011-modular-backend,1,o011-rel-corr-0035-corrects-brenner-u03-l03,relation,,,,,,,,,,,,,,active,2026-08-22T06:03:04Z,o011-export-backend-v3,
o011-modular-backend,1,o011-rel-corr-0036-corrects-brenner-u03-w03,relation,,,,,,,,,,,,,,active,2026-08-22T06:03:04Z,o011-export-backend-v3,
o011-modular-backend,1,o011-rel-corr-0037-corrects-brenner-u03-w03-e007-solution,relation,,,,,,,,,,,,,,active,2026-08-22T06:03:04Z,o011-export-backend-v3,
o011-modular-backend,1,o011-rel-qa-through-unit03-pdf-reproducibility-verifies-artifact-through-unit03-pdf,relation,,,,,,,,,,,,,,active,2026-08-22T06:03:04Z,o011-export-backend-v3,
o011-modular-backend,1,o011-rel-qa-through-unit03-pdf-structural-verifies-artifact-through-unit03-pdf,relation,,,,,,,,,,,,,,active,2026-08-22T06:03:04Z,o011-export-backend-v3,
o011-modular-backend,1,o011-rel-qa-through-unit03-pdf-visual-verifies-artifact-through-unit03-pdf,relation,,,,,,,,,,,,,,active,2026-08-22T06:03:04Z,o011-export-backend-v3,
o011-modular-backend,1,o011-rel-qa-unit03-authority-preflight-verifies-brenner-u03,relation,,,,,,,,,,,,,,active,2026-08-22T06:03:04Z,o011-export-backend-v3,
o011-modular-backend,1,o011-rel-qa-unit03-authority-verification-verifies-brenner-u03,relation,,,,,,,,,,,,,,active,2026-08-22T06:03:04Z,o011-export-backend-v3,
o011-modular-backend,1,o011-rel-qa-unit03-final-math-audit-verifies-brenner-u03,relation,,,,,,,,,,,,,,active,2026-08-22T06:03:04Z,o011-export-backend-v3,
o011-modular-backend,1,o011-rel-qa-unit03-lecture-translation-verifies-brenner-u03-l03,relation,,,,,,,,,,,,,,active,2026-08-22T06:03:04Z,o011-export-backend-v3,
o011-modular-backend,1,o011-rel-qa-unit03-media-closure-verifies-brenner-u03,relation,,,,,,,,,,,,,,active,2026-08-22T06:03:04Z,o011-export-backend-v3,
o011-modular-backend,1,o011-rel-qa-unit03-solution07-translation-verifies-brenner-u03-w03-e007-solution,relation,,,,,,,,,,,,,,active,2026-08-22T06:03:04Z,o011-export-backend-v3,
o011-modular-backend,1,o011-rel-qa-unit03-solution16-translation-verifies-brenner-u03-w03-e016-solution,relation,,,,,,,,,,,,,,active,2026-08-22T06:03:04Z,o011-export-backend-v3,
o011-modular-backend,1,o011-rel-qa-unit03-worksheet-translation-verifies-brenner-u03-w03,relation,,,,,,,,,,,,,,active,2026-08-22T06:03:04Z,o011-export-backend-v3,
o011-modular-backend,1,o011-rel-u02-precedes-u03,relation,,,,,,,,,,,,,,active,2026-08-22T06:03:04Z,o011-export-backend-v3,
o011-modular-backend,1,o011-rel-u03-l03-s01-covers-arc-length-parametrization,relation,,,1,,,,,,,,,,,active,2026-08-22T06:03:04Z,o011-export-backend-v3,
o011-modular-backend,1,o011-rel-u03-l03-s01-covers-curvature-circle,relation,,,3,,,,,,,,,,,active,2026-08-22T06:03:04Z,o011-export-backend-v3,
o011-modular-backend,1,o011-rel-u03-l03-s01-covers-evolute,relation,,,4,,,,,,,,,,,active,2026-08-22T06:03:04Z,o011-export-backend-v3,
o011-modular-backend,1,o011-rel-u03-l03-s01-covers-planar-signed-curvature,relation,,,2,,,,,,,,,,,active,2026-08-22T06:03:04Z,o011-export-backend-v3,
o011-modular-backend,1,o011-rel-u03-l03-s02-covers-general-curve-curvature,relation,,,1,,,,,,,,,,,active,2026-08-22T06:03:04Z,o011-export-backend-v3,
o011-modular-backend,1,o011-rel-u03-lecture-uses-parabola-circle-svg,relation,,,,,,,,,,,,,,active,2026-08-22T06:03:04Z,o011-export-backend-v3,
o011-modular-backend,1,o011-rel-u03-uses-term-0028,relation,,,,,,,,,,,,,,active,2026-08-22T06:03:04Z,o011-export-backend-v3,
o011-modular-backend,1,o011-rel-u03-uses-term-0029,relation,,,,,,,,,,,,,,active,2026-08-22T06:03:04Z,o011-export-backend-v3,
o011-modular-backend,1,o011-rel-u03-uses-term-0048,relation,,,,,,,,,,,,,,active,2026-08-22T06:03:04Z,o011-export-backend-v3,
o011-modular-backend,1,o011-rel-u03-uses-term-0049,relation,,,,,,,,,,,,,,active,2026-08-22T06:03:04Z,o011-export-backend-v3,
o011-modular-backend,1,o011-rel-u03-uses-term-0050,relation,,,,,,,,,,,,,,active,2026-08-22T06:03:04Z,o011-export-backend-v3,
o011-modular-backend,1,o011-rel-u03-uses-term-0052,relation,,,,,,,,,,,,,,active,2026-08-22T06:03:04Z,o011-export-backend-v3,
o011-modular-backend,1,o011-rel-u03-uses-term-0053,relation,,,,,,,,,,,,,,active,2026-08-22T06:03:04Z,o011-export-backend-v3,
o011-modular-backend,1,o011-rel-u03-uses-term-0054,relation,,,,,,,,,,,,,,active,2026-08-22T06:03:04Z,o011-export-backend-v3,
o011-modular-backend,1,o011-rel-u03-uses-term-0055,relation,,,,,,,,,,,,,,active,2026-08-22T06:03:04Z,o011-export-backend-v3,
o011-modular-backend,1,o011-rel-u03-uses-term-0056,relation,,,,,,,,,,,,,,active,2026-08-22T06:03:04Z,o011-export-backend-v3,
o011-modular-backend,1,o011-rel-u03-uses-term-0057,relation,,,,,,,,,,,,,,active,2026-08-22T06:03:04Z,o011-export-backend-v3,
o011-modular-backend,1,o011-rel-u03-uses-term-0058,relation,,,,,,,,,,,,,,active,2026-08-22T06:03:04Z,o011-export-backend-v3,
o011-modular-backend,1,o011-rel-u03-uses-term-0059,relation,,,,,,,,,,,,,,active,2026-08-22T06:03:04Z,o011-export-backend-v3,
o011-modular-backend,1,o011-rel-u03-uses-term-0060,relation,,,,,,,,,,,,,,active,2026-08-22T06:03:04Z,o011-export-backend-v3,
o011-modular-backend,1,o011-rel-u03-uses-term-0061,relation,,,,,,,,,,,,,,active,2026-08-22T06:03:04Z,o011-export-backend-v3,
o011-modular-backend,1,o011-rel-u03-uses-term-0062,relation,,,,,,,,,,,,,,active,2026-08-22T06:03:04Z,o011-export-backend-v3,
o011-modular-backend,1,o011-rel-u03-uses-term-0063,relation,,,,,,,,,,,,,,active,2026-08-22T06:03:04Z,o011-export-backend-v3,
o011-modular-backend,1,o011-rel-u03-uses-term-0065,relation,,,,,,,,,,,,,,active,2026-08-22T06:03:04Z,o011-export-backend-v3,
o011-modular-backend,1,o011-rel-u03-uses-term-0066,relation,,,,,,,,,,,,,,active,2026-08-22T06:03:04Z,o011-export-backend-v3,
o011-modular-backend,1,o011-rel-u03-uses-term-0077,relation,,,,,,,,,,,,,,active,2026-08-22T06:03:04Z,o011-export-backend-v3,
o011-modular-backend,1,o011-rel-u03-w03-e001-precedes-e002,relation,,,,,,,,,,,,,,active,2026-08-22T06:03:04Z,o011-export-backend-v3,
o011-modular-backend,1,o011-rel-u03-w03-e002-precedes-e003,relation,,,,,,,,,,,,,,active,2026-08-22T06:03:04Z,o011-export-backend-v3,
o011-modular-backend,1,o011-rel-u03-w03-e003-precedes-e004,relation,,,,,,,,,,,,,,active,2026-08-22T06:03:04Z,o011-export-backend-v3,
o011-modular-backend,1,o011-rel-u03-w03-e004-precedes-e005,relation,,,,,,,,,,,,,,active,2026-08-22T06:03:04Z,o011-export-backend-v3,
o011-modular-backend,1,o011-rel-u03-w03-e005-precedes-e006,relation,,,,,,,,,,,,,,active,2026-08-22T06:03:04Z,o011-export-backend-v3,
o011-modular-backend,1,o011-rel-u03-w03-e006-precedes-e007,relation,,,,,,,,,,,,,,active,2026-08-22T06:03:04Z,o011-export-backend-v3,
o011-modular-backend,1,o011-rel-u03-w03-e007-precedes-e008,relation,,,,,,,,,,,,,,active,2026-08-22T06:03:04Z,o011-export-backend-v3,
o011-modular-backend,1,o011-rel-u03-w03-e007-solution-solves-e007,relation,,,,,,,,,,,,,,active,2026-08-22T06:03:04Z,o011-export-backend-v3,
o011-modular-backend,1,o011-rel-u03-w03-e008-precedes-e009,relation,,,,,,,,,,,,,,active,2026-08-22T06:03:04Z,o011-export-backend-v3,
o011-modular-backend,1,o011-rel-u03-w03-e009-precedes-e010,relation,,,,,,,,,,,,,,active,2026-08-22T06:03:04Z,o011-export-backend-v3,
o011-modular-backend,1,o011-rel-u03-w03-e010-precedes-e011,relation,,,,,,,,,,,,,,active,2026-08-22T06:03:04Z,o011-export-backend-v3,
o011-modular-backend,1,o011-rel-u03-w03-e011-precedes-e012,relation,,,,,,,,,,,,,,active,2026-08-22T06:03:04Z,o011-export-backend-v3,
o011-modular-backend,1,o011-rel-u03-w03-e012-precedes-e013,relation,,,,,,,,,,,,,,active,2026-08-22T06:03:04Z,o011-export-backend-v3,
o011-modular-backend,1,o011-rel-u03-w03-e013-precedes-e014,relation,,,,,,,,,,,,,,active,2026-08-22T06:03:04Z,o011-export-backend-v3,
o011-modular-backend,1,o011-rel-u03-w03-e014-precedes-e015,relation,,,,,,,,,,,,,,active,2026-08-22T06:03:04Z,o011-export-backend-v3,
o011-modular-backend,1,o011-rel-u03-w03-e015-precedes-e016,relation,,,,,,,,,,,,,,active,2026-08-22T06:03:04Z,o011-export-backend-v3,
o011-modular-backend,1,o011-rel-u03-w03-e016-precedes-e017,relation,,,,,,,,,,,,,,active,2026-08-22T06:03:04Z,o011-export-backend-v3,
o011-modular-backend,1,o011-rel-u03-w03-e016-solution-solves-e016,relation,,,,,,,,,,,,,,active,2026-08-22T06:03:04Z,o011-export-backend-v3,
o011-modular-backend,1,o011-rel-u03-w03-e017-precedes-e018,relation,,,,,,,,,,,,,,active,2026-08-22T06:03:04Z,o011-export-backend-v3,
o011-modular-backend,1,o011-rel-u03-w03-e018-precedes-e019,relation,,,,,,,,,,,,,,active,2026-08-22T06:03:04Z,o011-export-backend-v3,
o011-modular-backend,1,o011-rel-u03-w03-e019-precedes-e020,relation,,,,,,,,,,,,,,active,2026-08-22T06:03:04Z,o011-export-backend-v3,
o011-modular-backend,1,o011-rel-u03-w03-e020-precedes-e021,relation,,,,,,,,,,,,,,active,2026-08-22T06:03:04Z,o011-export-backend-v3,
o011-modular-backend,1,o011-rel-u03-worksheet-uses-euler-spiral-svg,relation,,,,,,,,,,,,,,active,2026-08-22T06:03:04Z,o011-export-backend-v3,
o011-modular-backend,1,o011-rel-u03-worksheet-uses-evolute-parab-svg,relation,,,,,,,,,,,,,,active,2026-08-22T06:03:04Z,o011-export-backend-v3,
o011-modular-backend,1,o011-rights-media-u03-01,rights,File:Parabola circle.svg,,,,,,,,,,,,,active,2026-08-22T06:03:04Z,o011-export-backend-v3,
o011-modular-backend,1,o011-rights-media-u03-02,rights,File:Euler spiral.svg,,,,,,,,,,,,,active,2026-08-22T06:03:04Z,o011-export-backend-v3,
o011-modular-backend,1,o011-rights-media-u03-03,rights,File:Evolute-parab.svg,,,,,,,,,,,,,active,2026-08-22T06:03:04Z,o011-export-backend-v3,
o011-modular-backend,1,o011-term-0028,term,Bogenparametrisierung,o011-course-d50,28,,,,,,,,,,,active,2026-08-22T06:03:04Z,o011-export-backend-v3,
o011-modular-backend,1,o011-term-0029,term,bogenparametrisiert,o011-course-d50,29,,,,,,,,,,,active,2026-08-22T06:03:04Z,o011-export-backend-v3,
o011-modular-backend,1,o011-term-0048,term,Krümmung,o011-course-d50,48,,,,,,,,,,,active,2026-08-22T06:03:04Z,o011-export-backend-v3,
o011-modular-backend,1,o011-term-0049,term,Drehung,o011-course-d50,49,,,,,,,,,,,active,2026-08-22T06:03:04Z,o011-export-backend-v3,
o011-modular-backend,1,o011-term-0050,term,Krümmungskreis,o011-course-d50,50,,,,,,,,,,,active,2026-08-22T06:03:04Z,o011-export-backend-v3,
o011-modular-backend,1,o011-term-0052,term,Kreisbewegung,o011-course-d50,52,,,,,,,,,,,active,2026-08-22T06:03:04Z,o011-export-backend-v3,
o011-modular-backend,1,o011-term-0053,term,uniforme Kreisbewegung,o011-course-d50,53,,,,,,,,,,,active,2026-08-22T06:03:04Z,o011-export-backend-v3,
o011-modular-backend,1,o011-term-0054,term,Geschwindigkeitsnorm,o011-course-d50,54,,,,,,,,,,,active,2026-08-22T06:03:04Z,o011-export-backend-v3,
o011-modular-backend,1,o011-term-0055,term,Beschleunigung,o011-course-d50,55,,,,,,,,,,,active,2026-08-22T06:03:04Z,o011-export-backend-v3,
o011-modular-backend,1,o011-term-0056,term,Klothoide,o011-course-d50,56,,,,,,,,,,,active,2026-08-22T06:03:04Z,o011-export-backend-v3,
o011-modular-backend,1,o011-term-0057,term,logarithmische Spirale,o011-course-d50,57,,,,,,,,,,,active,2026-08-22T06:03:04Z,o011-export-backend-v3,
o011-modular-backend,1,o011-term-0058,term,archimedische Spirale,o011-course-d50,58,,,,,,,,,,,active,2026-08-22T06:03:04Z,o011-export-backend-v3,
o011-modular-backend,1,o011-term-0059,term,analytisch,o011-course-d50,59,,,,,,,,,,,active,2026-08-22T06:03:04Z,o011-export-backend-v3,
o011-modular-backend,1,o011-term-0060,term,Potenzreihe,o011-course-d50,60,,,,,,,,,,,active,2026-08-22T06:03:04Z,o011-export-backend-v3,
o011-modular-backend,1,o011-term-0061,term,Evolute,o011-course-d50,61,,,,,,,,,,,active,2026-08-22T06:03:04Z,o011-export-backend-v3,
o011-modular-backend,1,o011-term-0062,term,Gradientenfeld,o011-course-d50,62,,,,,,,,,,,active,2026-08-22T06:03:04Z,o011-export-backend-v3,
o011-modular-backend,1,o011-term-0063,term,totales Differential,o011-course-d50,63,,,,,,,,,,,active,2026-08-22T06:03:04Z,o011-export-backend-v3,
o011-modular-backend,1,o011-term-0065,term,regulär,o011-course-d50,65,,,,,,,,,,,active,2026-08-22T06:03:04Z,o011-export-backend-v3,
o011-modular-backend,1,o011-term-0066,term,Tangente,o011-course-d50,66,,,,,,,,,,,active,2026-08-22T06:03:04Z,o011-export-backend-v3,
o011-modular-backend,1,o011-term-0077,term,tangentialer Vektor,o011-course-d50,77,,,,,,,,,,,active,2026-08-22T06:03:04Z,o011-export-backend-v3,
o011-modular-backend,1,o011-artifact-through-unit04-pdf,artifact,,o011-brenner-u04,,output/pdf/geometri-diferensial-manifold-mulus-hingga-unit-04-id.pdf,,,,,04f84c2d7abdc721cb0ebafcd4e39c230a01faf60665f84d5e7124bf2574319b,Indonesian,id-ID,visually_checked,,active,2026-08-22T15:01:06Z,o011-export-backend-v4,
o011-modular-backend,1,o011-artifact-u04-l04-tex,artifact,,o011-brenner-u04-l04,,source/units/unit-04/lecture04.id.tex,,,,610c85e2cb9838a2ce1deb488ceca6cb7d2ee2ab47f1e657d5df7488796f8402,60a7a2cbfc96a9a510bfff935f40722458c85031214eeaf8ccf4e8df2af2bc81,Indonesian,id-ID,visually_checked,o011-rights-brenner-text,active,2026-08-22T15:01:06Z,o011-export-backend-v4,
o011-modular-backend,1,o011-artifact-u04-official-pdf-witness,artifact,,o011-brenner-u04-l04,,authority/pdf/lecture04_commons_revid1003382720.pdf,,,,,65ee310d19704bdbbb7f981f821901f96b166ceac416ad7cc063ae737894571d,German,de-DE,source_frozen,o011-rights-u04-official-pdf-witness,active,2026-08-22T15:01:06Z,o011-export-backend-v4,
o011-modular-backend,1,o011-artifact-u04-w04-e007-solution-tex,artifact,,o011-brenner-u04-w04-e007-solution,,source/units/unit-04/worksheet04_exercise07_solution.id.tex,,,,a0df2279b1dbae5bff1a4e50385349080bd8734e20d1a6edec83e528045dc63e,6003193ccef4456ffcbe42e67068202567ceafe4897363aa4833b266aaf855d5,Indonesian,id-ID,visually_checked,o011-rights-brenner-text,active,2026-08-22T15:01:06Z,o011-export-backend-v4,
o011-modular-backend,1,o011-artifact-u04-w04-e010-solution-tex,artifact,,o011-brenner-u04-w04-e010-solution,,source/units/unit-04/worksheet04_exercise10_solution.id.tex,,,,76a2f5db7eb835b19b924418ae2c1b0cfbcd8cd2d5acc387f695f71cbb069a35,a5d22c14d32b03265e532b34636da4d656d838cefe268c92d1ac3ec1ebd27de4,Indonesian,id-ID,visually_checked,o011-rights-brenner-text,active,2026-08-22T15:01:06Z,o011-export-backend-v4,
o011-modular-backend,1,o011-artifact-u04-w04-tex,artifact,,o011-brenner-u04-w04,,source/units/unit-04/worksheet04.id.tex,,,,81f8d9667581e0e6507dd1684b136c23f3352d1cabf2e8c4013daeb0a312cd00,f3721ced8fc5db02dd600ff81f02455ec724f34c7a085f4280d8f5c2d14873f8,Indonesian,id-ID,visually_checked,o011-rights-brenner-text,active,2026-08-22T15:01:06Z,o011-export-backend-v4,
o011-modular-backend,1,o011-brenner-u04,unit,Vorlesung 4 + Arbeitsblatt 4,o011-course-d50,4,source/units/unit-04,o011-resource-brenner-dg2023,o011-edition-brenner-current-20260821,,,,Indonesian,id-ID,visually_checked,o011-rights-brenner-text,active,2026-08-22T15:01:06Z,o011-export-backend-v4,
o011-modular-backend,1,o011-brenner-u04-l04,unit,pageid:142548/revid:893683,o011-brenner-u04,1,source/units/unit-04/lecture04.id.tex,o011-resource-brenner-dg2023,o011-edition-brenner-current-20260821,Kurs:Differentialgeometrie (Osnabrück 2023)/Vorlesung 4,610c85e2cb9838a2ce1deb488ceca6cb7d2ee2ab47f1e657d5df7488796f8402,60a7a2cbfc96a9a510bfff935f40722458c85031214eeaf8ccf4e8df2af2bc81,Indonesian,id-ID,visually_checked,o011-rights-brenner-text,active,2026-08-22T15:01:06Z,o011-export-backend-v4,
o011-modular-backend,1,o011-brenner-u04-l04-s01,segment,lecture04:section:1,o011-brenner-u04-l04,1,source/units/unit-04/lecture04.id.tex#section-1,o011-resource-brenner-dg2023,o011-edition-brenner-current-20260821,Kurs:Differentialgeometrie (Osnabrück 2023)/Vorlesung 4#section-1,62cebf98c9ffda911b808ef145b8f164c41fe017e22aa17dde6fabce61ed690e,3f01684705a05f5188b7a153a75f57020611dba4a45c4b778b0c114a825f9ddd,Indonesian,id-ID,visually_checked,o011-rights-brenner-text,active,2026-08-22T15:01:06Z,o011-export-backend-v4,
o011-modular-backend,1,o011-brenner-u04-w04,unit,pageid:142638/revid:1010985,o011-brenner-u04,2,source/units/unit-04/worksheet04.id.tex,o011-resource-brenner-dg2023,o011-edition-brenner-current-20260821,Kurs:Differentialgeometrie (Osnabrück 2023)/Arbeitsblatt 4,81f8d9667581e0e6507dd1684b136c23f3352d1cabf2e8c4013daeb0a312cd00,f3721ced8fc5db02dd600ff81f02455ec724f34c7a085f4280d8f5c2d14873f8,Indonesian,id-ID,visually_checked,o011-rights-brenner-text,active,2026-08-22T15:01:06Z,o011-export-backend-v4,
o011-modular-backend,1,o011-brenner-u04-w04-e001,unit,worksheet04:exercise:1,o011-brenner-u04-w04,1,source/units/unit-04/worksheet04.id.tex#exercise-1,o011-resource-brenner-dg2023,o011-edition-brenner-current-20260821,Kurs:Differentialgeometrie (Osnabrück 2023)/Arbeitsblatt 4#exercise-1,b4432f944836d2b3396b7087ff86ae11e2039fb2039190bfc101eb64d9c85b98,1149622ae60adf58c3c16be8f12c29cfd3ab91700bfd76aa5a44ac813b76364a,Indonesian,id-ID,visually_checked,o011-rights-brenner-text,active,2026-08-22T15:01:06Z,o011-export-backend-v4,
o011-modular-backend,1,o011-brenner-u04-w04-e002,unit,worksheet04:exercise:2,o011-brenner-u04-w04,2,source/units/unit-04/worksheet04.id.tex#exercise-2,o011-resource-brenner-dg2023,o011-edition-brenner-current-20260821,Kurs:Differentialgeometrie (Osnabrück 2023)/Arbeitsblatt 4#exercise-2,9d53d44b67fb0142a1e83c2d67e5ef0fe8f3d03474fb59f169bff33a6fade68b,a184bf1034d87d15231b9a8bf933a83552db3494e226e25b8cdede2b779a9b7d,Indonesian,id-ID,visually_checked,o011-rights-brenner-text,active,2026-08-22T15:01:06Z,o011-export-backend-v4,
o011-modular-backend,1,o011-brenner-u04-w04-e003,unit,worksheet04:exercise:3,o011-brenner-u04-w04,3,source/units/unit-04/worksheet04.id.tex#exercise-3,o011-resource-brenner-dg2023,o011-edition-brenner-current-20260821,Kurs:Differentialgeometrie (Osnabrück 2023)/Arbeitsblatt 4#exercise-3,0337afab54e1383a03bb1ca7020dfb99a829d0f4758a465966c3d1c06e1d0944,5cf7a1998db676138b6e79b83909f0658bef5c2a040472afb4ad6921bf02caaf,Indonesian,id-ID,visually_checked,o011-rights-brenner-text,active,2026-08-22T15:01:06Z,o011-export-backend-v4,
o011-modular-backend,1,o011-brenner-u04-w04-e004,unit,worksheet04:exercise:4,o011-brenner-u04-w04,4,source/units/unit-04/worksheet04.id.tex#exercise-4,o011-resource-brenner-dg2023,o011-edition-brenner-current-20260821,Kurs:Differentialgeometrie (Osnabrück 2023)/Arbeitsblatt 4#exercise-4,05af1e764e6ed6d5e0a88e93f76047dfb20498cbeb95554a5d58e4b7e16c30f6,0c762bf61f9af0c7a14169392faa72cff2ab351b7380c6c4438da580ab15ed7c,Indonesian,id-ID,visually_checked,o011-rights-brenner-text,active,2026-08-22T15:01:06Z,o011-export-backend-v4,
o011-modular-backend,1,o011-brenner-u04-w04-e005,unit,worksheet04:exercise:5,o011-brenner-u04-w04,5,source/units/unit-04/worksheet04.id.tex#exercise-5,o011-resource-brenner-dg2023,o011-edition-brenner-current-20260821,Kurs:Differentialgeometrie (Osnabrück 2023)/Arbeitsblatt 4#exercise-5,27446f91421436800053e610fbdb566f62c54261509aa27658c82e7386742743,9a68573f475c1b40d92db4d1376f9cd238bab518df044c27c9bef7ad9aa3d005,Indonesian,id-ID,visually_checked,o011-rights-brenner-text,active,2026-08-22T15:01:06Z,o011-export-backend-v4,
o011-modular-backend,1,o011-brenner-u04-w04-e006,unit,worksheet04:exercise:6,o011-brenner-u04-w04,6,source/units/unit-04/worksheet04.id.tex#exercise-6,o011-resource-brenner-dg2023,o011-edition-brenner-current-20260821,Kurs:Differentialgeometrie (Osnabrück 2023)/Arbeitsblatt 4#exercise-6,4448adbe731b2ece11e9a96d79716ab4a45cc7cd66c0877c6dd8ce22e6a53d8c,d544993ac3a4ae239ad1d077f55fc5c8988c6e8f85009c7970cabc3e0a8ec91d,Indonesian,id-ID,visually_checked,o011-rights-brenner-text,active,2026-08-22T15:01:06Z,o011-export-backend-v4,
o011-modular-backend,1,o011-brenner-u04-w04-e007,unit,worksheet04:exercise:7,o011-brenner-u04-w04,7,source/units/unit-04/worksheet04.id.tex#exercise-7,o011-resource-brenner-dg2023,o011-edition-brenner-current-20260821,Kurs:Differentialgeometrie (Osnabrück 2023)/Arbeitsblatt 4#exercise-7,901dd756ad05ddcb92b77af0661d3f9488624226cf3ea803f23d6d6dff2003b4,30cc3bc2f83711f0df4212231734d2fd553ee9c79d15b968203eaf0aff85b223,Indonesian,id-ID,visually_checked,o011-rights-brenner-text,active,2026-08-22T15:01:06Z,o011-export-backend-v4,
o011-modular-backend,1,o011-brenner-u04-w04-e007-solution,unit,pageid:152876/revid:1094221,o011-brenner-u04-w04-e007,1,source/units/unit-04/worksheet04_exercise07_solution.id.tex,o011-resource-brenner-dg2023,o011-edition-brenner-current-20260821,Eingebetteter Torus/Einheitsnormalenfeld/Weingartenabbildung/1/Aufgabe/Lösung,a0df2279b1dbae5bff1a4e50385349080bd8734e20d1a6edec83e528045dc63e,6003193ccef4456ffcbe42e67068202567ceafe4897363aa4833b266aaf855d5,Indonesian,id-ID,visually_checked,o011-rights-brenner-text,active,2026-08-22T15:01:06Z,o011-export-backend-v4,
o011-modular-backend,1,o011-brenner-u04-w04-e008,unit,worksheet04:exercise:8,o011-brenner-u04-w04,8,source/units/unit-04/worksheet04.id.tex#exercise-8,o011-resource-brenner-dg2023,o011-edition-brenner-current-20260821,Kurs:Differentialgeometrie (Osnabrück 2023)/Arbeitsblatt 4#exercise-8,1aaa1ceffdca696004a59b836761d2dcb6c4eb5ced48ae5cb9ca2548f3023ba1,346a4a25d46ef299cadd012ddab657b7266e073436d65b6dbe8d39116c595e6b,Indonesian,id-ID,visually_checked,o011-rights-brenner-text,active,2026-08-22T15:01:06Z,o011-export-backend-v4,
o011-modular-backend,1,o011-brenner-u04-w04-e009,unit,worksheet04:exercise:9,o011-brenner-u04-w04,9,source/units/unit-04/worksheet04.id.tex#exercise-9,o011-resource-brenner-dg2023,o011-edition-brenner-current-20260821,Kurs:Differentialgeometrie (Osnabrück 2023)/Arbeitsblatt 4#exercise-9,b56667f0cc30cc41d46beb10f05293c0f4cfed7b27b5cacd33faa9d9d8d458f1,512e7bc9537357518a7926f9626ab7d44a8792c9a6ad97f981244454ec11a180,Indonesian,id-ID,visually_checked,o011-rights-brenner-text,active,2026-08-22T15:01:06Z,o011-export-backend-v4,
o011-modular-backend,1,o011-brenner-u04-w04-e010,unit,worksheet04:exercise:10,o011-brenner-u04-w04,10,source/units/unit-04/worksheet04.id.tex#exercise-10,o011-resource-brenner-dg2023,o011-edition-brenner-current-20260821,Kurs:Differentialgeometrie (Osnabrück 2023)/Arbeitsblatt 4#exercise-10,0841f24f2133ec5f3a370ec1b58194237699a2fd79f5c4cac973d9d54a94e315,cf4a9cc5295e12255a9ab98f4ba5d337a21ebe53af359b2b87af418af8f654bc,Indonesian,id-ID,visually_checked,o011-rights-brenner-text,active,2026-08-22T15:01:06Z,o011-export-backend-v4,
o011-modular-backend,1,o011-brenner-u04-w04-e010-solution,unit,pageid:151124/revid:1094288,o011-brenner-u04-w04-e010,1,source/units/unit-04/worksheet04_exercise10_solution.id.tex,o011-resource-brenner-dg2023,o011-edition-brenner-current-20260821,Differenzierbare Fläche/Ellipsoidoberfläche/Weingartenabbildung/Diagonalmatrix/Aufgabe/Lösung,76a2f5db7eb835b19b924418ae2c1b0cfbcd8cd2d5acc387f695f71cbb069a35,a5d22c14d32b03265e532b34636da4d656d838cefe268c92d1ac3ec1ebd27de4,Indonesian,id-ID,visually_checked,o011-rights-brenner-text,active,2026-08-22T15:01:06Z,o011-export-backend-v4,
o011-modular-backend,1,o011-brenner-u04-w04-e011,unit,worksheet04:exercise:11,o011-brenner-u04-w04,11,source/units/unit-04/worksheet04.id.tex#exercise-11,o011-resource-brenner-dg2023,o011-edition-brenner-current-20260821,Kurs:Differentialgeometrie (Osnabrück 2023)/Arbeitsblatt 4#exercise-11,50a65ee966ca9f0a6b8151dfcd524881d89dcdde0fd6d0ffd8a345104c0d7cb4,99ec2504fcf572c61ed16dabf2042a7329a43ce8379da2caf110f12c9d33cc3a,Indonesian,id-ID,visually_checked,o011-rights-brenner-text,active,2026-08-22T15:01:06Z,o011-export-backend-v4,
o011-modular-backend,1,o011-brenner-u04-w04-e012,unit,worksheet04:exercise:12,o011-brenner-u04-w04,12,source/units/unit-04/worksheet04.id.tex#exercise-12,o011-resource-brenner-dg2023,o011-edition-brenner-current-20260821,Kurs:Differentialgeometrie (Osnabrück 2023)/Arbeitsblatt 4#exercise-12,1780ee8ada5372d67c190e49215cbaf888702da5937e57afbe3622d9a3305ff7,c6d0b3bfae593e0c9f369c64db77851d0b73d303b93dd15b028566acba4c16b1,Indonesian,id-ID,visually_checked,o011-rights-brenner-text,active,2026-08-22T15:01:06Z,o011-export-backend-v4,
o011-modular-backend,1,o011-brenner-u04-w04-e013,unit,worksheet04:exercise:13,o011-brenner-u04-w04,13,source/units/unit-04/worksheet04.id.tex#exercise-13,o011-resource-brenner-dg2023,o011-edition-brenner-current-20260821,Kurs:Differentialgeometrie (Osnabrück 2023)/Arbeitsblatt 4#exercise-13,a233b4270137be126a338917b74fc1571ac964a14a7290bd41dfd412760ce3dd,3dbfef00f2dcfc4623446c10f64ed1fdce54a05880ba5fc37dfe0580f1aeaef1,Indonesian,id-ID,visually_checked,o011-rights-brenner-text,active,2026-08-22T15:01:06Z,o011-export-backend-v4,
o011-modular-backend,1,o011-brenner-u04-w04-e014,unit,worksheet04:exercise:14,o011-brenner-u04-w04,14,source/units/unit-04/worksheet04.id.tex#exercise-14,o011-resource-brenner-dg2023,o011-edition-brenner-current-20260821,Kurs:Differentialgeometrie (Osnabrück 2023)/Arbeitsblatt 4#exercise-14,dcbc35ca9dcce5a0cf3527455ea0c6df53ecebe658a3a57ab3522da4785f6ca0,3c8bb7a4a48f17fa0d9444edf458e36bac683929b86df6bee99d6d308255748e,Indonesian,id-ID,visually_checked,o011-rights-brenner-text,active,2026-08-22T15:01:06Z,o011-export-backend-v4,
o011-modular-backend,1,o011-brenner-u04-w04-e015,unit,worksheet04:exercise:15,o011-brenner-u04-w04,15,source/units/unit-04/worksheet04.id.tex#exercise-15,o011-resource-brenner-dg2023,o011-edition-brenner-current-20260821,Kurs:Differentialgeometrie (Osnabrück 2023)/Arbeitsblatt 4#exercise-15,d6b82fc6909a3486ae91f11903355da40107414e6a2fd1095cd2835730268a20,b84f974f3b06cc334402331f1ac32df4e2388a4658921a128521e9e1180e666f,Indonesian,id-ID,visually_checked,o011-rights-brenner-text,active,2026-08-22T15:01:06Z,o011-export-backend-v4,
o011-modular-backend,1,o011-concept-graph-shape-operator,concept,Weingartenabbildung eines Graphen,o011-course-d50,,,,,,,,,,,,active,2026-08-22T15:01:06Z,o011-export-backend-v4,
o011-modular-backend,1,o011-concept-normal-acceleration,concept,Normalbeschleunigung,o011-course-d50,,,,,,,,,,,,active,2026-08-22T15:01:06Z,o011-export-backend-v4,
o011-modular-backend,1,o011-concept-shape-operator-diagonalization,concept,Diagonalisierung der Weingartenabbildung,o011-course-d50,,,,,,,,,,,,active,2026-08-22T15:01:06Z,o011-export-backend-v4,
o011-modular-backend,1,o011-concept-shape-operator-self-adjoint,concept,Selbstadjungiertheit der Weingartenabbildung,o011-course-d50,,,,,,,,,,,,active,2026-08-22T15:01:06Z,o011-export-backend-v4,
o011-modular-backend,1,o011-concept-weingarten-map,concept,Weingartenabbildung,o011-course-d50,,,,,,,,,,,,active,2026-08-22T15:01:06Z,o011-export-backend-v4,
o011-modular-backend,1,o011-corr-0038,correction,worksheet04:exercise02-rotation-curve,,,,,,,,,,,,,active,2026-08-22T15:01:06Z,o011-export-backend-v4,
o011-modular-backend,1,o011-corr-0039,correction,worksheet04:exercise07-supplied-solution,,,,,,,,,,,,,active,2026-08-22T15:01:06Z,o011-export-backend-v4,
o011-modular-backend,1,o011-corr-0040,correction,worksheet04:exercise10-supplied-solution,,,,,,,,,,,,,active,2026-08-22T15:01:06Z,o011-export-backend-v4,
o011-modular-backend,1,o011-corr-0041,correction,lecture04:tangent-space-point-symbol,,,,,,,,,,,,,active,2026-08-22T15:01:06Z,o011-export-backend-v4,
o011-modular-backend,1,o011-corr-0042,correction,lecture04:normal-acceleration-inner-product,,,,,,,,,,,,,active,2026-08-22T15:01:06Z,o011-export-backend-v4,
o011-modular-backend,1,o011-corr-0043,correction,lecture04:graph-shape-operator-matrix,,,,,,,,,,,,,active,2026-08-22T15:01:06Z,o011-export-backend-v4,
o011-modular-backend,1,o011-corr-0044,correction,worksheet04:exercise06-regularity,,,,,,,,,,,,,active,2026-08-22T15:01:06Z,o011-export-backend-v4,
o011-modular-backend,1,o011-corr-0045,correction,worksheet04:exercise09-regularity,,,,,,,,,,,,,active,2026-08-22T15:01:06Z,o011-export-backend-v4,
o011-modular-backend,1,o011-qa-through-unit04-pdf-reproducibility,qa_event,,o011-brenner-u04,,,,,,,04f84c2d7abdc721cb0ebafcd4e39c230a01faf60665f84d5e7124bf2574319b,Indonesian,id-ID,built,,active,2026-08-22T15:01:06Z,o011-export-backend-v4,
o011-modular-backend,1,o011-qa-through-unit04-pdf-structural,qa_event,,o011-brenner-u04,,,,,,,04f84c2d7abdc721cb0ebafcd4e39c230a01faf60665f84d5e7124bf2574319b,Indonesian,id-ID,visually_checked,,active,2026-08-22T15:01:06Z,o011-export-backend-v4,
o011-modular-backend,1,o011-qa-through-unit04-pdf-visual,qa_event,,o011-brenner-u04,,,,,,,04f84c2d7abdc721cb0ebafcd4e39c230a01faf60665f84d5e7124bf2574319b,Indonesian,id-ID,visually_checked,,active,2026-08-22T15:01:06Z,o011-export-backend-v4,
o011-modular-backend,1,o011-qa-unit04-authority-anomalies,qa_event,,o011-brenner-u04,,,,,,,,,,source_frozen,,active,2026-08-22T15:01:06Z,o011-export-backend-v4,
o011-modular-backend,1,o011-qa-unit04-authority-preflight,qa_event,,o011-brenner-u04,,,,,,,,,,source_frozen,,active,2026-08-22T15:01:06Z,o011-export-backend-v4,
o011-modular-backend,1,o011-qa-unit04-authority-verification,qa_event,,o011-brenner-u04,,,,,,,,,,source_frozen,,active,2026-08-22T15:01:06Z,o011-export-backend-v4,
o011-modular-backend,1,o011-qa-unit04-current-revision,qa_event,,o011-brenner-u04,,,,,,,,,,source_frozen,,active,2026-08-22T15:01:06Z,o011-export-backend-v4,
o011-modular-backend,1,o011-qa-unit04-final-math-audit,qa_event,,o011-brenner-u04,,,,,,,04f84c2d7abdc721cb0ebafcd4e39c230a01faf60665f84d5e7124bf2574319b,Indonesian,id-ID,mathematically_reviewed,,active,2026-08-22T15:01:06Z,o011-export-backend-v4,
o011-modular-backend,1,o011-qa-unit04-lecture-math-review,qa_event,,o011-brenner-u04,,,,,,,60a7a2cbfc96a9a510bfff935f40722458c85031214eeaf8ccf4e8df2af2bc81,Indonesian,id-ID,mathematically_reviewed,,active,2026-08-22T15:01:06Z,o011-export-backend-v4,
o011-modular-backend,1,o011-qa-unit04-lecture-translation,qa_event,,o011-brenner-u04,,,,,,610c85e2cb9838a2ce1deb488ceca6cb7d2ee2ab47f1e657d5df7488796f8402,60a7a2cbfc96a9a510bfff935f40722458c85031214eeaf8ccf4e8df2af2bc81,Indonesian,id-ID,visually_checked,,active,2026-08-22T15:01:06Z,o011-export-backend-v4,
o011-modular-backend,1,o011-qa-unit04-media-authority-closure,qa_event,,o011-brenner-u04,,,,,,,,,,source_frozen,,active,2026-08-22T15:01:06Z,o011-export-backend-v4,
o011-modular-backend,1,o011-qa-unit04-media-build-closure,qa_event,,o011-brenner-u04,,,,,,,,Indonesian,id-ID,structurally_verified,,active,2026-08-22T15:01:06Z,o011-export-backend-v4,
o011-modular-backend,1,o011-qa-unit04-official-pdf-structural-visual,qa_event,,o011-brenner-u04,,,,,,,65ee310d19704bdbbb7f981f821901f96b166ceac416ad7cc063ae737894571d,,,source_frozen,,active,2026-08-22T15:01:06Z,o011-export-backend-v4,
o011-modular-backend,1,o011-qa-unit04-official-pdf-witness,qa_event,,o011-brenner-u04,,,,,,,65ee310d19704bdbbb7f981f821901f96b166ceac416ad7cc063ae737894571d,,,source_frozen,,active,2026-08-22T15:01:06Z,o011-export-backend-v4,
o011-modular-backend,1,o011-qa-unit04-solution-closure,qa_event,,o011-brenner-u04,,,,,,,,,,source_frozen,,active,2026-08-22T15:01:06Z,o011-export-backend-v4,
o011-modular-backend,1,o011-qa-unit04-solution07-translation,qa_event,,o011-brenner-u04,,,,,,a0df2279b1dbae5bff1a4e50385349080bd8734e20d1a6edec83e528045dc63e,6003193ccef4456ffcbe42e67068202567ceafe4897363aa4833b266aaf855d5,Indonesian,id-ID,visually_checked,,active,2026-08-22T15:01:06Z,o011-export-backend-v4,
o011-modular-backend,1,o011-qa-unit04-solution10-translation,qa_event,,o011-brenner-u04,,,,,,76a2f5db7eb835b19b924418ae2c1b0cfbcd8cd2d5acc387f695f71cbb069a35,a5d22c14d32b03265e532b34636da4d656d838cefe268c92d1ac3ec1ebd27de4,Indonesian,id-ID,visually_checked,,active,2026-08-22T15:01:06Z,o011-export-backend-v4,
o011-modular-backend,1,o011-qa-unit04-worksheet-math-review,qa_event,,o011-brenner-u04,,,,,,,f3721ced8fc5db02dd600ff81f02455ec724f34c7a085f4280d8f5c2d14873f8,Indonesian,id-ID,mathematically_reviewed,,active,2026-08-22T15:01:06Z,o011-export-backend-v4,
o011-modular-backend,1,o011-qa-unit04-worksheet-translation,qa_event,,o011-brenner-u04,,,,,,81f8d9667581e0e6507dd1684b136c23f3352d1cabf2e8c4013daeb0a312cd00,f3721ced8fc5db02dd600ff81f02455ec724f34c7a085f4280d8f5c2d14873f8,Indonesian,id-ID,visually_checked,,active,2026-08-22T15:01:06Z,o011-export-backend-v4,
o011-modular-backend,1,o011-rel-artifact-through-unit04-pdf-extends-through-unit03-pdf,relation,,,,,,,,,,,,,,active,2026-08-22T15:01:06Z,o011-export-backend-v4,
o011-modular-backend,1,o011-rel-artifact-through-unit04-pdf-represents-u04-checkpoint,relation,,,,,,,,,,,,,,active,2026-08-22T15:01:06Z,o011-export-backend-v4,
o011-modular-backend,1,o011-rel-artifact-u04-l04-tex-represents-brenner-u04-l04,relation,,,,,,,,,,,,,,active,2026-08-22T15:01:06Z,o011-export-backend-v4,
o011-modular-backend,1,o011-rel-artifact-u04-official-pdf-witness-witnesses-brenner-u04-l04,relation,,,,,,,,,,,,,,active,2026-08-22T15:01:06Z,o011-export-backend-v4,
o011-modular-backend,1,o011-rel-artifact-u04-w04-e007-solution-tex-represents-brenner-u04-w04-e007-solution,relation,,,,,,,,,,,,,,active,2026-08-22T15:01:06Z,o011-export-backend-v4,
o011-modular-backend,1,o011-rel-artifact-u04-w04-e010-solution-tex-represents-brenner-u04-w04-e010-solution,relation,,,,,,,,,,,,,,active,2026-08-22T15:01:06Z,o011-export-backend-v4,
o011-modular-backend,1,o011-rel-artifact-u04-w04-tex-represents-brenner-u04-w04,relation,,,,,,,,,,,,,,active,2026-08-22T15:01:06Z,o011-export-backend-v4,
o011-modular-backend,1,o011-rel-contains-artifact-through-unit04-pdf,relation,,,,,,,,,,,,,,active,2026-08-22T15:01:06Z,o011-export-backend-v4,
o011-modular-backend,1,o011-rel-contains-artifact-u04-l04-tex,relation,,,,,,,,,,,,,,active,2026-08-22T15:01:06Z,o011-export-backend-v4,
o011-modular-backend,1,o011-rel-contains-artifact-u04-official-pdf-witness,relation,,,,,,,,,,,,,,active,2026-08-22T15:01:06Z,o011-export-backend-v4,
o011-modular-backend,1,o011-rel-contains-artifact-u04-w04-e007-solution-tex,relation,,,,,,,,,,,,,,active,2026-08-22T15:01:06Z,o011-export-backend-v4,
o011-modular-backend,1,o011-rel-contains-artifact-u04-w04-e010-solution-tex,relation,,,,,,,,,,,,,,active,2026-08-22T15:01:06Z,o011-export-backend-v4,
o011-modular-backend,1,o011-rel-contains-artifact-u04-w04-tex,relation,,,,,,,,,,,,,,active,2026-08-22T15:01:06Z,o011-export-backend-v4,
o011-modular-backend,1,o011-rel-contains-brenner-u04,relation,,,,,,,,,,,,,,active,2026-08-22T15:01:06Z,o011-export-backend-v4,
o011-modular-backend,1,o011-rel-contains-brenner-u04-l04,relation,,,,,,,,,,,,,,active,2026-08-22T15:01:06Z,o011-export-backend-v4,
o011-modular-backend,1,o011-rel-contains-brenner-u04-l04-s01,relation,,,,,,,,,,,,,,active,2026-08-22T15:01:06Z,o011-export-backend-v4,
o011-modular-backend,1,o011-rel-contains-brenner-u04-w04,relation,,,,,,,,,,,,,,active,2026-08-22T15:01:06Z,o011-export-backend-v4,
o011-modular-backend,1,o011-rel-contains-brenner-u04-w04-e001,relation,,,,,,,,,,,,,,active,2026-08-22T15:01:06Z,o011-export-backend-v4,
o011-modular-backend,1,o011-rel-contains-brenner-u04-w04-e002,relation,,,,,,,,,,,,,,active,2026-08-22T15:01:06Z,o011-export-backend-v4,
o011-modular-backend,1,o011-rel-contains-brenner-u04-w04-e003,relation,,,,,,,,,,,,,,active,2026-08-22T15:01:06Z,o011-export-backend-v4,
o011-modular-backend,1,o011-rel-contains-brenner-u04-w04-e004,relation,,,,,,,,,,,,,,active,2026-08-22T15:01:06Z,o011-export-backend-v4,
o011-modular-backend,1,o011-rel-contains-brenner-u04-w04-e005,relation,,,,,,,,,,,,,,active,2026-08-22T15:01:06Z,o011-export-backend-v4,
o011-modular-backend,1,o011-rel-contains-brenner-u04-w04-e006,relation,,,,,,,,,,,,,,active,2026-08-22T15:01:06Z,o011-export-backend-v4,
o011-modular-backend,1,o011-rel-contains-brenner-u04-w04-e007,relation,,,,,,,,,,,,,,active,2026-08-22T15:01:06Z,o011-export-backend-v4,
o011-modular-backend,1,o011-rel-contains-brenner-u04-w04-e007-solution,relation,,,,,,,,,,,,,,active,2026-08-22T15:01:06Z,o011-export-backend-v4,
o011-modular-backend,1,o011-rel-contains-brenner-u04-w04-e008,relation,,,,,,,,,,,,,,active,2026-08-22T15:01:06Z,o011-export-backend-v4,
o011-modular-backend,1,o011-rel-contains-brenner-u04-w04-e009,relation,,,,,,,,,,,,,,active,2026-08-22T15:01:06Z,o011-export-backend-v4,
o011-modular-backend,1,o011-rel-contains-brenner-u04-w04-e010,relation,,,,,,,,,,,,,,active,2026-08-22T15:01:06Z,o011-export-backend-v4,
o011-modular-backend,1,o011-rel-contains-brenner-u04-w04-e010-solution,relation,,,,,,,,,,,,,,active,2026-08-22T15:01:06Z,o011-export-backend-v4,
o011-modular-backend,1,o011-rel-contains-brenner-u04-w04-e011,relation,,,,,,,,,,,,,,active,2026-08-22T15:01:06Z,o011-export-backend-v4,
o011-modular-backend,1,o011-rel-contains-brenner-u04-w04-e012,relation,,,,,,,,,,,,,,active,2026-08-22T15:01:06Z,o011-export-backend-v4,
o011-modular-backend,1,o011-rel-contains-brenner-u04-w04-e013,relation,,,,,,,,,,,,,,active,2026-08-22T15:01:06Z,o011-export-backend-v4,
o011-modular-backend,1,o011-rel-contains-brenner-u04-w04-e014,relation,,,,,,,,,,,,,,active,2026-08-22T15:01:06Z,o011-export-backend-v4,
o011-modular-backend,1,o011-rel-contains-brenner-u04-w04-e015,relation,,,,,,,,,,,,,,active,2026-08-22T15:01:06Z,o011-export-backend-v4,
o011-modular-backend,1,o011-rel-contains-concept-graph-shape-operator,relation,,,,,,,,,,,,,,active,2026-08-22T15:01:06Z,o011-export-backend-v4,
o011-modular-backend,1,o011-rel-contains-concept-normal-acceleration,relation,,,,,,,,,,,,,,active,2026-08-22T15:01:06Z,o011-export-backend-v4,
o011-modular-backend,1,o011-rel-contains-concept-shape-operator-diagonalization,relation,,,,,,,,,,,,,,active,2026-08-22T15:01:06Z,o011-export-backend-v4,
o011-modular-backend,1,o011-rel-contains-concept-shape-operator-self-adjoint,relation,,,,,,,,,,,,,,active,2026-08-22T15:01:06Z,o011-export-backend-v4,
o011-modular-backend,1,o011-rel-contains-concept-weingarten-map,relation,,,,,,,,,,,,,,active,2026-08-22T15:01:06Z,o011-export-backend-v4,
o011-modular-backend,1,o011-rel-contains-qa-through-unit04-pdf-reproducibility,relation,,,,,,,,,,,,,,active,2026-08-22T15:01:06Z,o011-export-backend-v4,
o011-modular-backend,1,o011-rel-contains-qa-through-unit04-pdf-structural,relation,,,,,,,,,,,,,,active,2026-08-22T15:01:06Z,o011-export-backend-v4,
o011-modular-backend,1,o011-rel-contains-qa-through-unit04-pdf-visual,relation,,,,,,,,,,,,,,active,2026-08-22T15:01:06Z,o011-export-backend-v4,
o011-modular-backend,1,o011-rel-contains-qa-unit04-authority-anomalies,relation,,,,,,,,,,,,,,active,2026-08-22T15:01:06Z,o011-export-backend-v4,
o011-modular-backend,1,o011-rel-contains-qa-unit04-authority-preflight,relation,,,,,,,,,,,,,,active,2026-08-22T15:01:06Z,o011-export-backend-v4,
o011-modular-backend,1,o011-rel-contains-qa-unit04-authority-verification,relation,,,,,,,,,,,,,,active,2026-08-22T15:01:06Z,o011-export-backend-v4,
o011-modular-backend,1,o011-rel-contains-qa-unit04-current-revision,relation,,,,,,,,,,,,,,active,2026-08-22T15:01:06Z,o011-export-backend-v4,
o011-modular-backend,1,o011-rel-contains-qa-unit04-final-math-audit,relation,,,,,,,,,,,,,,active,2026-08-22T15:01:06Z,o011-export-backend-v4,
o011-modular-backend,1,o011-rel-contains-qa-unit04-lecture-math-review,relation,,,,,,,,,,,,,,active,2026-08-22T15:01:06Z,o011-export-backend-v4,
o011-modular-backend,1,o011-rel-contains-qa-unit04-lecture-translation,relation,,,,,,,,,,,,,,active,2026-08-22T15:01:06Z,o011-export-backend-v4,
o011-modular-backend,1,o011-rel-contains-qa-unit04-media-authority-closure,relation,,,,,,,,,,,,,,active,2026-08-22T15:01:06Z,o011-export-backend-v4,
o011-modular-backend,1,o011-rel-contains-qa-unit04-media-build-closure,relation,,,,,,,,,,,,,,active,2026-08-22T15:01:06Z,o011-export-backend-v4,
o011-modular-backend,1,o011-rel-contains-qa-unit04-official-pdf-structural-visual,relation,,,,,,,,,,,,,,active,2026-08-22T15:01:06Z,o011-export-backend-v4,
o011-modular-backend,1,o011-rel-contains-qa-unit04-official-pdf-witness,relation,,,,,,,,,,,,,,active,2026-08-22T15:01:06Z,o011-export-backend-v4,
o011-modular-backend,1,o011-rel-contains-qa-unit04-solution-closure,relation,,,,,,,,,,,,,,active,2026-08-22T15:01:06Z,o011-export-backend-v4,
o011-modular-backend,1,o011-rel-contains-qa-unit04-solution07-translation,relation,,,,,,,,,,,,,,active,2026-08-22T15:01:06Z,o011-export-backend-v4,
o011-modular-backend,1,o011-rel-contains-qa-unit04-solution10-translation,relation,,,,,,,,,,,,,,active,2026-08-22T15:01:06Z,o011-export-backend-v4,
o011-modular-backend,1,o011-rel-contains-qa-unit04-worksheet-math-review,relation,,,,,,,,,,,,,,active,2026-08-22T15:01:06Z,o011-export-backend-v4,
o011-modular-backend,1,o011-rel-contains-qa-unit04-worksheet-translation,relation,,,,,,,,,,,,,,active,2026-08-22T15:01:06Z,o011-export-backend-v4,
o011-modular-backend,1,o011-rel-contains-term-0078,relation,,,,,,,,,,,,,,active,2026-08-22T15:01:06Z,o011-export-backend-v4,
o011-modular-backend,1,o011-rel-contains-term-0079,relation,,,,,,,,,,,,,,active,2026-08-22T15:01:06Z,o011-export-backend-v4,
o011-modular-backend,1,o011-rel-contains-term-0080,relation,,,,,,,,,,,,,,active,2026-08-22T15:01:06Z,o011-export-backend-v4,
o011-modular-backend,1,o011-rel-contains-term-0081,relation,,,,,,,,,,,,,,active,2026-08-22T15:01:06Z,o011-export-backend-v4,
o011-modular-backend,1,o011-rel-contains-term-0082,relation,,,,,,,,,,,,,,active,2026-08-22T15:01:06Z,o011-export-backend-v4,
o011-modular-backend,1,o011-rel-contains-term-0083,relation,,,,,,,,,,,,,,active,2026-08-22T15:01:06Z,o011-export-backend-v4,
o011-modular-backend,1,o011-rel-contains-term-0084,relation,,,,,,,,,,,,,,active,2026-08-22T15:01:06Z,o011-export-backend-v4,
o011-modular-backend,1,o011-rel-contains-term-0085,relation,,,,,,,,,,,,,,active,2026-08-22T15:01:06Z,o011-export-backend-v4,
o011-modular-backend,1,o011-rel-contains-term-0086,relation,,,,,,,,,,,,,,active,2026-08-22T15:01:06Z,o011-export-backend-v4,
o011-modular-backend,1,o011-rel-contains-term-0087,relation,,,,,,,,,,,,,,active,2026-08-22T15:01:06Z,o011-export-backend-v4,
o011-modular-backend,1,o011-rel-contains-term-0088,relation,,,,,,,,,,,,,,active,2026-08-22T15:01:06Z,o011-export-backend-v4,
o011-modular-backend,1,o011-rel-contains-term-0089,relation,,,,,,,,,,,,,,active,2026-08-22T15:01:06Z,o011-export-backend-v4,
o011-modular-backend,1,o011-rel-contains-term-0090,relation,,,,,,,,,,,,,,active,2026-08-22T15:01:06Z,o011-export-backend-v4,
o011-modular-backend,1,o011-rel-contains-term-0091,relation,,,,,,,,,,,,,,active,2026-08-22T15:01:06Z,o011-export-backend-v4,
o011-modular-backend,1,o011-rel-contains-term-0092,relation,,,,,,,,,,,,,,active,2026-08-22T15:01:06Z,o011-export-backend-v4,
o011-modular-backend,1,o011-rel-contains-term-0093,relation,,,,,,,,,,,,,,active,2026-08-22T15:01:06Z,o011-export-backend-v4,
o011-modular-backend,1,o011-rel-contains-term-0094,relation,,,,,,,,,,,,,,active,2026-08-22T15:01:06Z,o011-export-backend-v4,
o011-modular-backend,1,o011-rel-contains-term-0095,relation,,,,,,,,,,,,,,active,2026-08-22T15:01:06Z,o011-export-backend-v4,
o011-modular-backend,1,o011-rel-corr-0038-corrects-brenner-u04-w04-e002,relation,,,,,,,,,,,,,,active,2026-08-22T15:01:06Z,o011-export-backend-v4,
o011-modular-backend,1,o011-rel-corr-0039-corrects-brenner-u04-w04-e007-solution,relation,,,,,,,,,,,,,,active,2026-08-22T15:01:06Z,o011-export-backend-v4,
o011-modular-backend,1,o011-rel-corr-0040-corrects-brenner-u04-w04-e010-solution,relation,,,,,,,,,,,,,,active,2026-08-22T15:01:06Z,o011-export-backend-v4,
o011-modular-backend,1,o011-rel-corr-0041-corrects-brenner-u04-l04,relation,,,,,,,,,,,,,,active,2026-08-22T15:01:06Z,o011-export-backend-v4,
o011-modular-backend,1,o011-rel-corr-0042-corrects-brenner-u04-l04,relation,,,,,,,,,,,,,,active,2026-08-22T15:01:06Z,o011-export-backend-v4,
o011-modular-backend,1,o011-rel-corr-0043-corrects-brenner-u04-l04,relation,,,,,,,,,,,,,,active,2026-08-22T15:01:06Z,o011-export-backend-v4,
o011-modular-backend,1,o011-rel-corr-0044-corrects-brenner-u04-w04-e006,relation,,,,,,,,,,,,,,active,2026-08-22T15:01:06Z,o011-export-backend-v4,
o011-modular-backend,1,o011-rel-corr-0045-corrects-brenner-u04-w04-e009,relation,,,,,,,,,,,,,,active,2026-08-22T15:01:06Z,o011-export-backend-v4,
o011-modular-backend,1,o011-rel-qa-through-unit04-pdf-reproducibility-verifies-artifact-through-unit04-pdf,relation,,,,,,,,,,,,,,active,2026-08-22T15:01:06Z,o011-export-backend-v4,
o011-modular-backend,1,o011-rel-qa-through-unit04-pdf-structural-verifies-artifact-through-unit04-pdf,relation,,,,,,,,,,,,,,active,2026-08-22T15:01:06Z,o011-export-backend-v4,
o011-modular-backend,1,o011-rel-qa-through-unit04-pdf-visual-verifies-artifact-through-unit04-pdf,relation,,,,,,,,,,,,,,active,2026-08-22T15:01:06Z,o011-export-backend-v4,
o011-modular-backend,1,o011-rel-qa-unit04-authority-anomalies-verifies-brenner-u04,relation,,,,,,,,,,,,,,active,2026-08-22T15:01:06Z,o011-export-backend-v4,
o011-modular-backend,1,o011-rel-qa-unit04-authority-preflight-verifies-brenner-u04,relation,,,,,,,,,,,,,,active,2026-08-22T15:01:06Z,o011-export-backend-v4,
o011-modular-backend,1,o011-rel-qa-unit04-authority-verification-verifies-brenner-u04,relation,,,,,,,,,,,,,,active,2026-08-22T15:01:06Z,o011-export-backend-v4,
o011-modular-backend,1,o011-rel-qa-unit04-current-revision-verifies-brenner-u04,relation,,,,,,,,,,,,,,active,2026-08-22T15:01:06Z,o011-export-backend-v4,
o011-modular-backend,1,o011-rel-qa-unit04-final-math-audit-verifies-brenner-u04,relation,,,,,,,,,,,,,,active,2026-08-22T15:01:06Z,o011-export-backend-v4,
o011-modular-backend,1,o011-rel-qa-unit04-lecture-math-review-verifies-brenner-u04-l04,relation,,,,,,,,,,,,,,active,2026-08-22T15:01:06Z,o011-export-backend-v4,
o011-modular-backend,1,o011-rel-qa-unit04-lecture-translation-verifies-brenner-u04-l04,relation,,,,,,,,,,,,,,active,2026-08-22T15:01:06Z,o011-export-backend-v4,
o011-modular-backend,1,o011-rel-qa-unit04-media-authority-closure-verifies-brenner-u04,relation,,,,,,,,,,,,,,active,2026-08-22T15:01:06Z,o011-export-backend-v4,
o011-modular-backend,1,o011-rel-qa-unit04-media-build-closure-verifies-brenner-u04,relation,,,,,,,,,,,,,,active,2026-08-22T15:01:06Z,o011-export-backend-v4,
o011-modular-backend,1,o011-rel-qa-unit04-official-pdf-structural-visual-verifies-artifact-u04-official-pdf-witness,relation,,,,,,,,,,,,,,active,2026-08-22T15:01:06Z,o011-export-backend-v4,
o011-modular-backend,1,o011-rel-qa-unit04-official-pdf-witness-verifies-artifact-u04-official-pdf-witness,relation,,,,,,,,,,,,,,active,2026-08-22T15:01:06Z,o011-export-backend-v4,
o011-modular-backend,1,o011-rel-qa-unit04-solution-closure-verifies-brenner-u04-w04,relation,,,,,,,,,,,,,,active,2026-08-22T15:01:06Z,o011-export-backend-v4,
o011-modular-backend,1,o011-rel-qa-unit04-solution07-translation-verifies-brenner-u04-w04-e007-solution,relation,,,,,,,,,,,,,,active,2026-08-22T15:01:06Z,o011-export-backend-v4,
o011-modular-backend,1,o011-rel-qa-unit04-solution10-translation-verifies-brenner-u04-w04-e010-solution,relation,,,,,,,,,,,,,,active,2026-08-22T15:01:06Z,o011-export-backend-v4,
o011-modular-backend,1,o011-rel-qa-unit04-worksheet-math-review-verifies-brenner-u04-w04,relation,,,,,,,,,,,,,,active,2026-08-22T15:01:06Z,o011-export-backend-v4,
o011-modular-backend,1,o011-rel-qa-unit04-worksheet-translation-verifies-brenner-u04-w04,relation,,,,,,,,,,,,,,active,2026-08-22T15:01:06Z,o011-export-backend-v4,
o011-modular-backend,1,o011-rel-rights-u04-official-pdf-witness-governs-artifact-u04-official-pdf-witness,relation,,,,,,,,,,,,,,active,2026-08-22T15:01:06Z,o011-export-backend-v4,
o011-modular-backend,1,o011-rel-u03-precedes-u04,relation,,,,,,,,,,,,,,active,2026-08-22T15:01:06Z,o011-export-backend-v4,
o011-modular-backend,1,o011-rel-u04-l04-s01-covers-graph-shape-operator,relation,,,,,,,,,,,,,,active,2026-08-22T15:01:06Z,o011-export-backend-v4,
o011-modular-backend,1,o011-rel-u04-l04-s01-covers-normal-acceleration,relation,,,,,,,,,,,,,,active,2026-08-22T15:01:06Z,o011-export-backend-v4,
o011-modular-backend,1,o011-rel-u04-l04-s01-covers-shape-operator-diagonalization,relation,,,,,,,,,,,,,,active,2026-08-22T15:01:06Z,o011-export-backend-v4,
o011-modular-backend,1,o011-rel-u04-l04-s01-covers-shape-operator-self-adjoint,relation,,,,,,,,,,,,,,active,2026-08-22T15:01:06Z,o011-export-backend-v4,
o011-modular-backend,1,o011-rel-u04-l04-s01-covers-weingarten-map,relation,,,,,,,,,,,,,,active,2026-08-22T15:01:06Z,o011-export-backend-v4,
o011-modular-backend,1,o011-rel-u04-uses-term-0078,relation,,,,,,,,,,,,,,active,2026-08-22T15:01:06Z,o011-export-backend-v4,
o011-modular-backend,1,o011-rel-u04-uses-term-0079,relation,,,,,,,,,,,,,,active,2026-08-22T15:01:06Z,o011-export-backend-v4,
o011-modular-backend,1,o011-rel-u04-uses-term-0080,relation,,,,,,,,,,,,,,active,2026-08-22T15:01:06Z,o011-export-backend-v4,
o011-modular-backend,1,o011-rel-u04-uses-term-0081,relation,,,,,,,,,,,,,,active,2026-08-22T15:01:06Z,o011-export-backend-v4,
o011-modular-backend,1,o011-rel-u04-uses-term-0082,relation,,,,,,,,,,,,,,active,2026-08-22T15:01:06Z,o011-export-backend-v4,
o011-modular-backend,1,o011-rel-u04-uses-term-0083,relation,,,,,,,,,,,,,,active,2026-08-22T15:01:06Z,o011-export-backend-v4,
o011-modular-backend,1,o011-rel-u04-uses-term-0084,relation,,,,,,,,,,,,,,active,2026-08-22T15:01:06Z,o011-export-backend-v4,
o011-modular-backend,1,o011-rel-u04-uses-term-0085,relation,,,,,,,,,,,,,,active,2026-08-22T15:01:06Z,o011-export-backend-v4,
o011-modular-backend,1,o011-rel-u04-uses-term-0086,relation,,,,,,,,,,,,,,active,2026-08-22T15:01:06Z,o011-export-backend-v4,
o011-modular-backend,1,o011-rel-u04-uses-term-0087,relation,,,,,,,,,,,,,,active,2026-08-22T15:01:06Z,o011-export-backend-v4,
o011-modular-backend,1,o011-rel-u04-uses-term-0088,relation,,,,,,,,,,,,,,active,2026-08-22T15:01:06Z,o011-export-backend-v4,
o011-modular-backend,1,o011-rel-u04-uses-term-0089,relation,,,,,,,,,,,,,,active,2026-08-22T15:01:06Z,o011-export-backend-v4,
o011-modular-backend,1,o011-rel-u04-uses-term-0090,relation,,,,,,,,,,,,,,active,2026-08-22T15:01:06Z,o011-export-backend-v4,
o011-modular-backend,1,o011-rel-u04-uses-term-0091,relation,,,,,,,,,,,,,,active,2026-08-22T15:01:06Z,o011-export-backend-v4,
o011-modular-backend,1,o011-rel-u04-uses-term-0092,relation,,,,,,,,,,,,,,active,2026-08-22T15:01:06Z,o011-export-backend-v4,
o011-modular-backend,1,o011-rel-u04-uses-term-0093,relation,,,,,,,,,,,,,,active,2026-08-22T15:01:06Z,o011-export-backend-v4,
o011-modular-backend,1,o011-rel-u04-uses-term-0094,relation,,,,,,,,,,,,,,active,2026-08-22T15:01:06Z,o011-export-backend-v4,
o011-modular-backend,1,o011-rel-u04-uses-term-0095,relation,,,,,,,,,,,,,,active,2026-08-22T15:01:06Z,o011-export-backend-v4,
o011-modular-backend,1,o011-rel-u04-w04-e001-precedes-e002,relation,,,,,,,,,,,,,,active,2026-08-22T15:01:06Z,o011-export-backend-v4,
o011-modular-backend,1,o011-rel-u04-w04-e002-precedes-e003,relation,,,,,,,,,,,,,,active,2026-08-22T15:01:06Z,o011-export-backend-v4,
o011-modular-backend,1,o011-rel-u04-w04-e003-precedes-e004,relation,,,,,,,,,,,,,,active,2026-08-22T15:01:06Z,o011-export-backend-v4,
o011-modular-backend,1,o011-rel-u04-w04-e004-precedes-e005,relation,,,,,,,,,,,,,,active,2026-08-22T15:01:06Z,o011-export-backend-v4,
o011-modular-backend,1,o011-rel-u04-w04-e005-precedes-e006,relation,,,,,,,,,,,,,,active,2026-08-22T15:01:06Z,o011-export-backend-v4,
o011-modular-backend,1,o011-rel-u04-w04-e006-precedes-e007,relation,,,,,,,,,,,,,,active,2026-08-22T15:01:06Z,o011-export-backend-v4,
o011-modular-backend,1,o011-rel-u04-w04-e007-precedes-e008,relation,,,,,,,,,,,,,,active,2026-08-22T15:01:06Z,o011-export-backend-v4,
o011-modular-backend,1,o011-rel-u04-w04-e007-solution-solves-e007,relation,,,,,,,,,,,,,,active,2026-08-22T15:01:06Z,o011-export-backend-v4,
o011-modular-backend,1,o011-rel-u04-w04-e008-precedes-e009,relation,,,,,,,,,,,,,,active,2026-08-22T15:01:06Z,o011-export-backend-v4,
o011-modular-backend,1,o011-rel-u04-w04-e009-precedes-e010,relation,,,,,,,,,,,,,,active,2026-08-22T15:01:06Z,o011-export-backend-v4,
o011-modular-backend,1,o011-rel-u04-w04-e010-precedes-e011,relation,,,,,,,,,,,,,,active,2026-08-22T15:01:06Z,o011-export-backend-v4,
o011-modular-backend,1,o011-rel-u04-w04-e010-solution-solves-e010,relation,,,,,,,,,,,,,,active,2026-08-22T15:01:06Z,o011-export-backend-v4,
o011-modular-backend,1,o011-rel-u04-w04-e011-precedes-e012,relation,,,,,,,,,,,,,,active,2026-08-22T15:01:06Z,o011-export-backend-v4,
o011-modular-backend,1,o011-rel-u04-w04-e012-precedes-e013,relation,,,,,,,,,,,,,,active,2026-08-22T15:01:06Z,o011-export-backend-v4,
o011-modular-backend,1,o011-rel-u04-w04-e013-precedes-e014,relation,,,,,,,,,,,,,,active,2026-08-22T15:01:06Z,o011-export-backend-v4,
o011-modular-backend,1,o011-rel-u04-w04-e014-precedes-e015,relation,,,,,,,,,,,,,,active,2026-08-22T15:01:06Z,o011-export-backend-v4,
o011-modular-backend,1,o011-rights-u04-official-pdf-witness,rights,Commons pageid:130922930/revid:1003382720,,,,,,,,,,,,,active,2026-08-22T15:01:06Z,o011-export-backend-v4,
o011-modular-backend,1,o011-term-0078,term,Richtungsableitung,o011-course-d50,78,,,,,,,,,,,active,2026-08-22T15:01:06Z,o011-export-backend-v4,
o011-modular-backend,1,o011-term-0079,term,normiertes Gradientenfeld,o011-course-d50,79,,,,,,,,,,,active,2026-08-22T15:01:06Z,o011-export-backend-v4,
o011-modular-backend,1,o011-term-0080,term,Endomorphismus,o011-course-d50,80,,,,,,,,,,,active,2026-08-22T15:01:06Z,o011-export-backend-v4,
o011-modular-backend,1,o011-term-0081,term,selbstadjungiert,o011-course-d50,81,,,,,,,,,,,active,2026-08-22T15:01:06Z,o011-export-backend-v4,
o011-modular-backend,1,o011-term-0082,term,Eigenvektor,o011-course-d50,82,,,,,,,,,,,active,2026-08-22T15:01:06Z,o011-export-backend-v4,
o011-modular-backend,1,o011-term-0083,term,Eigenwert,o011-course-d50,83,,,,,,,,,,,active,2026-08-22T15:01:06Z,o011-export-backend-v4,
o011-modular-backend,1,o011-term-0084,term,Eigenraum,o011-course-d50,84,,,,,,,,,,,active,2026-08-22T15:01:06Z,o011-export-backend-v4,
o011-modular-backend,1,o011-term-0085,term,diagonalisierbar,o011-course-d50,85,,,,,,,,,,,active,2026-08-22T15:01:06Z,o011-export-backend-v4,
o011-modular-backend,1,o011-term-0086,term,Hesse-Matrix,o011-course-d50,86,,,,,,,,,,,active,2026-08-22T15:01:06Z,o011-export-backend-v4,
o011-modular-backend,1,o011-term-0087,term,Bilinearform,o011-course-d50,87,,,,,,,,,,,active,2026-08-22T15:01:06Z,o011-export-backend-v4,
o011-modular-backend,1,o011-term-0088,term,Grundvektor,o011-course-d50,88,,,,,,,,,,,active,2026-08-22T15:01:06Z,o011-export-backend-v4,
o011-modular-backend,1,o011-term-0089,term,Einheitsnormalenbedingung,o011-course-d50,89,,,,,,,,,,,active,2026-08-22T15:01:06Z,o011-export-backend-v4,
o011-modular-backend,1,o011-term-0090,term,Matrixdarstellung,o011-course-d50,90,,,,,,,,,,,active,2026-08-22T15:01:06Z,o011-export-backend-v4,
o011-modular-backend,1,o011-term-0091,term,zweifach stetig differenzierbar,o011-course-d50,91,,,,,,,,,,,active,2026-08-22T15:01:06Z,o011-export-backend-v4,
o011-modular-backend,1,o011-term-0092,term,nach oben gerichtetes Einheitsnormalenfeld,o011-course-d50,92,,,,,,,,,,,active,2026-08-22T15:01:06Z,o011-export-backend-v4,
o011-modular-backend,1,o011-term-0093,term,erste Fundamentalform,o011-course-d50,93,,,,,,,,,,,active,2026-08-22T15:01:06Z,o011-export-backend-v4,
o011-modular-backend,1,o011-term-0094,term,zweite Fundamentalform,o011-course-d50,94,,,,,,,,,,,active,2026-08-22T15:01:06Z,o011-export-backend-v4,
o011-modular-backend,1,o011-term-0095,term,Metrikmatrix,o011-course-d50,95,,,,,,,,,,,active,2026-08-22T15:01:06Z,o011-export-backend-v4,
